scenario,seed,algorithm,date,n_steps,daily_energy_kwh,daily_comfort_deviation_c,daily_comfort_rate_pct,daily_episode_return,daily_peak_simulated_power_w
baseline,42,PPO,2026-05-07,283,1.1394018518518518,0.18054975448157978,100.0,-100.49558051828694,64.49444444444445
baseline,42,PPO,2026-05-08,288,1.0386292824074075,0.21047320591135948,98.95833333333334,-100.24128330247134,64.49444444444445
baseline,42,PPO,2026-05-09,288,1.092374652777778,0.16834727114329162,100.0,-92.50901408926785,64.49444444444445
baseline,42,PPO,2026-05-10,288,1.0762510416666666,0.170769081269391,99.65277777777779,-91.90649540558444,64.49444444444445
baseline,42,PPO,2026-05-11,283,1.1259655092592593,0.17416385226065614,100.0,-97.4383701897656,64.49444444444445
baseline,42,PPO,2026-05-12,288,1.0507219907407408,0.2120473587131452,98.95833333333334,-101.81963930938558,64.49444444444445
baseline,42,PPO,2026-05-13,288,1.08834375,0.18305310292482277,100.0,-96.36929364234881,64.49444444444445
baseline,42,PPO,2026-05-14,288,1.0722201388888888,0.19756340740351488,98.95833333333334,-99.64826133221212,64.49444444444445
baseline,42,PPO,2026-05-15,283,1.113872800925926,0.1894580335525962,99.29328621908127,-101.04162349538467,64.49444444444445
baseline,42,PPO,2026-05-16,288,1.0641583333333335,0.26804867845420277,97.91666666666666,-119.79801939481011,64.49444444444445
baseline,42,PPO,2026-05-17,288,1.0843128472222225,0.18288131768179167,99.30555555555556,-96.34481949235592,64.49444444444445
baseline,42,PPO,2026-05-18,288,1.0762510416666666,0.20674247318445702,98.95833333333334,-102.66683227712345,64.49444444444445
baseline,42,PPO,2026-05-19,288,1.1179037037037038,0.2212909665524003,98.95833333333334,-110.73179836709107,64.49444444444445
baseline,42,PPO,2026-05-20,283,1.0708765046296298,0.24564850037904842,98.23321554770318,-113.5435256072704,64.49444444444445
baseline,42,PPO,2026-05-21,288,1.0735637731481482,0.18622403058097736,99.65277777777779,-96.10752080732145,64.49444444444445
baseline,42,PPO,2026-05-22,288,1.0816255787037037,0.2163219869070906,98.61111111111111,-106.12573222924188,64.49444444444445
baseline,42,PPO,2026-05-23,288,1.1058109953703705,0.23051279226747934,98.61111111111111,-112.46268417303378,64.49444444444445
baseline,42,PPO,2026-05-24,17,0.08196168981481483,1.7952655814072138,64.70588235294117,-35.94451488392263,64.49444444444445
baseline,42,DQN,2026-05-07,283,1.1770236111111112,0.15368833730362413,100.0,-96.39379945692544,64.49444444444445
baseline,42,DQN,2026-05-08,288,1.113872800925926,0.17316284282935868,98.95833333333334,-96.49589873485506,64.49444444444445
baseline,42,DQN,2026-05-09,288,1.1461200231481483,0.12237003096857757,100.0,-84.26756891895026,64.49444444444445
baseline,42,DQN,2026-05-10,288,1.1313400462962964,0.13086195780642373,99.65277777777779,-85.53824384824992,64.49444444444445
baseline,42,DQN,2026-05-11,283,1.1622436342592593,0.16343985637558664,100.0,-97.77847935429088,64.49444444444445
baseline,42,DQN,2026-05-12,288,1.1179037037037038,0.16972517538424062,98.95833333333334,-95.88085051066119,64.49444444444445
baseline,42,DQN,2026-05-13,288,1.1367145833333334,0.12899436919065885,100.0,-85.30037832690962,64.49444444444445
baseline,42,DQN,2026-05-14,288,1.1313400462962964,0.16602877902691446,98.95833333333334,-96.06628835975111,64.49444444444445
baseline,42,DQN,2026-05-15,283,1.1568690972222222,0.17919771443437799,99.29328621908127,-102.13795318492882,64.49444444444445
baseline,42,DQN,2026-05-16,288,1.1326836805555556,0.2151333034574523,97.91666666666666,-110.9333913957459,64.49444444444445
baseline,42,DQN,2026-05-17,288,1.1420891203703705,0.1607913042156009,99.30555555555556,-95.35789561409285,64.49444444444445
baseline,42,DQN,2026-05-18,288,1.1286527777777777,0.17948542057220992,98.95833333333334,-99.69180112479629,64.49444444444445
baseline,42,DQN,2026-05-19,288,1.1595563657407408,0.18783233785542133,98.95833333333334,-104.97071330236119,64.49444444444445
baseline,42,DQN,2026-05-20,283,1.1259655092592593,0.19616631099366158,98.23321554770318,-104.66506601120597,64.49444444444445
baseline,42,DQN,2026-05-21,288,1.119247337962963,0.13645748304245586,99.65277777777779,-86.02475511622718,64.49444444444445
baseline,42,DQN,2026-05-22,288,1.1407454861111113,0.18741680736756272,98.61111111111111,-103.30104052185783,64.49444444444445
baseline,42,DQN,2026-05-23,288,1.1595563657407408,0.21974946304201826,98.61111111111111,-114.36284535610106,64.49444444444445
baseline,42,DQN,2026-05-24,17,0.08464895833333334,1.8046790741856666,64.70588235294117,-36.35454426115633,64.49444444444445
baseline,43,PPO,2026-05-07,283,1.1823981481481483,0.132257383256137,100.0,-90.82883946148665,64.49444444444445
baseline,43,PPO,2026-05-08,288,1.0910310185185186,0.18826714707082937,98.95833333333334,-98.72093835639863,64.49444444444445
baseline,43,PPO,2026-05-09,288,1.1367145833333334,0.1399152094190721,100.0,-88.4455803126926,64.49444444444445
baseline,43,PPO,2026-05-10,288,1.108498263888889,0.15408926283317756,99.65277777777779,-90.10270769595503,64.49444444444445
baseline,43,PPO,2026-05-11,283,1.1689618055555557,0.12765206324789302,100.0,-88.27553389915364,64.49444444444445
baseline,43,PPO,2026-05-12,288,1.1071546296296297,0.18873586677294799,98.95833333333334,-100.35592963060874,64.49444444444445
baseline,43,PPO,2026-05-13,288,1.1367145833333334,0.1457057600135383,100.0,-90.1132588838989,64.49444444444445
baseline,43,PPO,2026-05-14,288,1.1152164351851852,0.18191894661563313,98.95833333333334,-99.14265662530212,64.49444444444445
baseline,43,PPO,2026-05-15,283,1.1568690972222222,0.14386156719584767,99.29328621908127,-92.13782351642476,64.49444444444445
baseline,43,PPO,2026-05-16,288,1.1165600694444446,0.23477521446059976,97.91666666666666,-115.09026176465241,64.49444444444445
baseline,43,PPO,2026-05-17,288,1.1259655092592593,0.16082490405422373,99.30555555555556,-93.86757236761635,64.49444444444445
baseline,43,PPO,2026-05-18,288,1.124621875,0.1804329248289025,98.95833333333334,-99.58968235072372,64.49444444444445
baseline,43,PPO,2026-05-19,288,1.166274537037037,0.17684659257805244,98.95833333333334,-102.43181866247892,64.49444444444445
baseline,43,PPO,2026-05-20,283,1.119247337962963,0.21611155720627206,98.23321554770318,-109.68457068937472,64.49444444444445
baseline,43,PPO,2026-05-21,288,1.1179037037037038,0.15952338840121227,99.65277777777779,-92.54273585954903,64.49444444444445
baseline,43,PPO,2026-05-22,288,1.1165600694444446,0.19110953777418838,98.61111111111111,-102.11454687896595,64.49444444444445
baseline,43,PPO,2026-05-23,288,1.1514945601851854,0.20037672044572583,98.61111111111111,-108.03349548836879,64.49444444444445
baseline,43,PPO,2026-05-24,17,0.08330532407407408,1.7697884897295557,64.70588235294117,-35.636404325402445,64.49444444444445
baseline,43,DQN,2026-05-07,283,1.1797108796296298,0.2909107317765391,100.0,-135.47773709276035,64.49444444444445
baseline,43,DQN,2026-05-08,288,1.1179037037037038,0.35474509861736286,98.95833333333334,-149.16658840180006,64.49444444444445
baseline,43,DQN,2026-05-09,288,1.1568690972222222,0.2775696521068569,100.0,-129.9650598067745,64.49444444444445
baseline,43,DQN,2026-05-10,288,1.1394018518518518,0.31110111243997157,99.65277777777779,-138.1971203827116,64.49444444444445
baseline,43,DQN,2026-05-11,283,1.1622436342592593,0.31843903302857396,100.0,-141.64324634708623,64.49444444444445
baseline,43,DQN,2026-05-12,288,1.1179037037037038,0.3454181897630004,98.95833333333334,-146.48043865174384,64.49444444444445
baseline,43,DQN,2026-05-13,288,1.1447763888888889,0.2805944289826983,100.0,-129.71119554701693,64.49444444444445
baseline,43,DQN,2026-05-14,288,1.1313400462962964,0.3332211191554587,98.95833333333334,-144.21768231677177,64.49444444444445
baseline,43,DQN,2026-05-15,283,1.1635872685185187,0.31817635671246286,99.29328621908127,-142.09390894962687,64.49444444444445
baseline,43,DQN,2026-05-16,288,1.1434327546296295,0.379732904141883,97.91666666666666,-159.33807639286204,64.49444444444445
baseline,43,DQN,2026-05-17,288,1.1528381944444446,0.29872348343230815,99.30555555555556,-136.08236322850453,64.49444444444445
baseline,43,DQN,2026-05-18,288,1.124621875,0.3425475492616572,98.95833333333334,-146.27869418735696,64.49444444444445
baseline,43,DQN,2026-05-19,288,1.1689618055555557,0.3574015939877332,98.95833333333334,-154.68165906846696,64.49444444444445
baseline,43,DQN,2026-05-20,283,1.1259655092592593,0.3648141656795711,98.23321554770318,-152.3924088873183,64.49444444444445
baseline,43,DQN,2026-05-21,288,1.1367145833333334,0.3083765370801193,99.65277777777779,-137.16244267907408,64.49444444444445
baseline,43,DQN,2026-05-22,288,1.1394018518518518,0.3578854437868043,98.61111111111111,-152.27100781059934,64.49444444444445
baseline,43,DQN,2026-05-23,288,1.1689618055555557,0.37512891072944843,98.61111111111111,-159.9871262900808,64.49444444444445
baseline,43,DQN,2026-05-24,17,0.08330532407407408,1.8148209717345436,64.70588235294117,-36.401956519487236,64.49444444444445
baseline,44,PPO,2026-05-07,283,1.1595563657407406,0.19234315857420137,100.0,-105.7081138764989,64.49444444444445
baseline,44,PPO,2026-05-08,288,1.0910310185185186,0.20546088889427197,98.95833333333334,-103.67273600155012,64.49444444444445
baseline,44,PPO,2026-05-09,288,1.1273091435185183,0.18765106032967027,100.0,-101.31850537494492,64.49444444444445
baseline,44,PPO,2026-05-10,288,1.1058109953703703,0.17306175894111012,99.65277777777779,-95.31678657503949,64.49444444444445
baseline,44,PPO,2026-05-11,283,1.1541818287037038,0.17341645958384905,100.0,-99.85185806222916,64.49444444444445
baseline,44,PPO,2026-05-12,288,1.104467361111111,0.1881617195736363,98.95833333333334,-99.940575237207,64.49444444444445
baseline,44,PPO,2026-05-13,288,1.1273091435185185,0.15640583931650456,100.0,-92.31988172315315,64.49444444444445
baseline,44,PPO,2026-05-14,288,1.1165600694444444,0.1711808715149414,98.95833333333334,-96.17509099630287,64.49444444444445
baseline,44,PPO,2026-05-15,283,1.1407454861111113,0.2158198206347095,99.29328621908127,-111.0020092396227,64.49444444444445
baseline,44,PPO,2026-05-16,288,1.1071546296296297,0.29227115835866524,97.91666666666666,-130.77409360729536,64.49444444444445
baseline,44,PPO,2026-05-17,288,1.1125291666666668,0.22918881102609762,99.30555555555556,-112.30637757551592,64.49444444444445
baseline,44,PPO,2026-05-18,288,1.1205909722222223,0.1650341036796699,98.95833333333334,-94.77982185974476,64.49444444444445
baseline,44,PPO,2026-05-19,288,1.155525462962963,0.1939127828872712,98.95833333333334,-106.34688147153396,64.49444444444445
baseline,44,PPO,2026-05-20,283,1.1111855324074074,0.23280793575389017,98.23321554770318,-113.6596458183506,64.49444444444445
baseline,44,PPO,2026-05-21,288,1.1179037037037038,0.16438271344039118,99.65277777777779,-93.94222147083266,64.49444444444445
baseline,44,PPO,2026-05-22,288,1.1259655092592593,0.19186129576146213,98.61111111111111,-103.20605317930085,64.49444444444445
baseline,44,PPO,2026-05-23,288,1.1340273148148148,0.2862582935102339,98.61111111111111,-131.14238853094716,64.49444444444445
baseline,44,PPO,2026-05-24,17,0.08196168981481483,1.804521958410123,64.70588235294117,-36.101873292972094,64.49444444444445
baseline,44,DQN,2026-05-07,283,1.1891163194444445,0.18745385395391434,100.0,-107.07444066895755,64.49444444444445
baseline,44,DQN,2026-05-08,288,1.0950619212962964,0.17403641703841888,98.95833333333334,-94.99748810706446,64.49444444444445
baseline,44,DQN,2026-05-09,288,1.1461200231481483,0.15574231131742403,100.0,-93.878785659418,64.49444444444445
baseline,44,DQN,2026-05-10,288,1.1353709490740742,0.18246099200164895,99.65277777777779,-100.77376569647478,64.49444444444445
baseline,44,DQN,2026-05-11,283,1.1703054398148147,0.1756369931955654,100.0,-101.98026907434485,64.49444444444445
baseline,44,DQN,2026-05-12,288,1.1071546296296297,0.15695652267647703,98.95833333333334,-91.20347853082525,64.49444444444445
baseline,44,DQN,2026-05-13,288,1.1434327546296295,0.15446882292404338,100.0,-93.2620210021244,64.49444444444445
baseline,44,DQN,2026-05-14,288,1.1313400462962964,0.1864227125056841,98.95833333333334,-101.93974120163686,64.49444444444445
baseline,44,DQN,2026-05-15,283,1.1689618055555557,0.22139475534659164,99.29328621908127,-115.20471576308526,64.49444444444445
baseline,44,DQN,2026-05-16,288,1.1259655092592593,0.22113241741801948,97.91666666666666,-112.03613621638934,64.49444444444445
baseline,44,DQN,2026-05-17,288,1.1407454861111113,0.18243494004831773,99.30555555555556,-101.46626273391536,64.49444444444445
baseline,44,DQN,2026-05-18,288,1.1299964120370372,0.1696248314169012,98.95833333333334,-96.97695144806737,64.49444444444445
baseline,44,DQN,2026-05-19,288,1.1756799768518522,0.21437057537996676,98.95833333333334,-114.11372570943023,64.49444444444445
baseline,44,DQN,2026-05-20,283,1.1205909722222223,0.1988254003461418,98.23321554770318,-104.91758829795793,64.49444444444445
baseline,44,DQN,2026-05-21,288,1.1326836805555556,0.17376082743193752,99.65277777777779,-98.01811830039786,64.49444444444445
baseline,44,DQN,2026-05-22,288,1.1407454861111113,0.21641122449699646,98.61111111111111,-111.65143265513471,64.49444444444445
baseline,44,DQN,2026-05-23,288,1.1716490740740741,0.24358313383843633,98.61111111111111,-122.35194254546948,64.49444444444445
baseline,44,DQN,2026-05-24,17,0.08464895833333334,1.8280925567195734,64.70588235294117,-36.752573464232746,64.49444444444445
baseline,45,PPO,2026-05-07,283,1.1716490740740741,0.21748567072549393,100.0,-113.94844481531463,64.49444444444445
baseline,45,PPO,2026-05-08,288,1.1420891203703705,0.5965457401152253,88.19444444444444,-227.25517315318473,64.49444444444445
baseline,45,PPO,2026-05-09,288,1.1461200231481483,0.37378690506755025,98.61111111111111,-157.47562865945432,64.49444444444445
baseline,45,PPO,2026-05-10,288,1.1380582175925924,0.43356167571813287,94.09722222222221,-176.5407626068221,64.49444444444445
baseline,45,PPO,2026-05-11,283,1.1394018518518518,0.18001248361903033,100.0,-100.34353286418549,64.49444444444445
baseline,45,PPO,2026-05-12,288,1.1420891203703705,0.5645869417369449,88.54166666666666,-217.85103922024,64.49444444444445
baseline,45,PPO,2026-05-13,288,1.1111855324074076,0.36240153690778587,100.0,-150.1466426294421,64.49444444444445
baseline,45,PPO,2026-05-14,288,1.1232782407407407,0.35993844631688293,98.26388888888889,-151.56227253926207,64.49444444444445
baseline,45,PPO,2026-05-15,283,1.119247337962963,0.20607300747030766,99.29328621908127,-106.24366111409695,64.49444444444445
baseline,45,PPO,2026-05-16,288,1.1313400462962964,0.5293739715039291,92.70833333333334,-204.30970379313126,64.49444444444445
baseline,45,PPO,2026-05-17,288,1.0856564814814815,0.3448657188667813,99.30555555555556,-143.12132703363287,64.49444444444445
baseline,45,PPO,2026-05-18,288,1.1044673611111113,0.2905963188376244,98.95833333333334,-129.44173982523563,64.49444444444445
baseline,45,PPO,2026-05-19,288,1.1273091435185185,0.227423711782796,98.95833333333334,-113.37302899344506,64.49444444444445
baseline,45,PPO,2026-05-20,283,1.103123726851852,0.42804798700060487,97.87985865724382,-168.3625803211707,64.49444444444445
baseline,45,PPO,2026-05-21,288,1.0547528935185186,0.393949474546088,99.65277777777779,-154.18244866927319,64.49444444444445
baseline,45,PPO,2026-05-22,288,1.0883437500000002,0.2952035207006985,98.61111111111111,-129.46861396180103,64.49444444444445
baseline,45,PPO,2026-05-23,288,1.1165600694444446,0.2557068247302212,98.61111111111111,-120.71856552230346,64.49444444444445
baseline,45,PPO,2026-05-24,17,0.08330532407407408,1.8069444738089961,64.70588235294117,-36.26805605475293,64.49444444444445
baseline,45,DQN,2026-05-07,283,1.170305439814815,0.17605346944814865,100.0,-102.0981318538259,64.49444444444445
baseline,45,DQN,2026-05-08,288,1.08834375,0.20865634935723482,98.95833333333334,-104.34302861488342,64.49444444444445
baseline,45,DQN,2026-05-09,288,1.148807291666667,0.2046645540197806,100.0,-108.21839155769666,64.49444444444445
baseline,45,DQN,2026-05-10,288,1.124621875,0.205549723318661,99.65277777777779,-106.42332031577419,64.49444444444445
baseline,45,DQN,2026-05-11,283,1.1568690972222222,0.1916037281674715,100.0,-105.24885507139429,64.49444444444445
baseline,45,DQN,2026-05-12,288,1.0923746527777778,0.20219921948311903,98.95833333333334,-102.85837521113801,64.49444444444445
baseline,45,DQN,2026-05-13,288,1.1340273148148148,0.18215785393844447,100.0,-100.36146193427183,64.49444444444445
baseline,45,DQN,2026-05-14,288,1.1179037037037038,0.22579687000772422,98.95833333333334,-112.02949856222442,64.49444444444445
baseline,45,DQN,2026-05-15,283,1.1474636574074075,0.19769127307035708,99.29328621908127,-106.49663027891087,64.49444444444445
baseline,45,DQN,2026-05-16,288,1.1205909722222225,0.2792311637532628,97.91666666666666,-128.26857516093943,64.49444444444445
baseline,45,DQN,2026-05-17,288,1.1528381944444446,0.26022723981537993,99.30555555555556,-124.99544506682928,64.49444444444445
baseline,45,DQN,2026-05-18,288,1.119247337962963,0.23546504355787257,98.95833333333334,-114.93893254466714,64.49444444444445
baseline,45,DQN,2026-05-19,288,1.1541818287037038,0.22482221876819886,98.95833333333334,-115.12379900524111,64.49444444444445
baseline,45,DQN,2026-05-20,283,1.1071546296296297,0.24513425299721045,98.23321554770318,-116.77299359821039,64.49444444444445
baseline,45,DQN,2026-05-21,288,1.1219346064814815,0.21827975422067253,99.65277777777779,-109.83956921555358,64.49444444444445
baseline,45,DQN,2026-05-22,288,1.1353709490740742,0.24001831563279138,98.61111111111111,-117.95027490224375,64.49444444444445
baseline,45,DQN,2026-05-23,288,1.1609,0.2511044768813966,98.61111111111111,-123.51808934184203,64.49444444444445
baseline,45,DQN,2026-05-24,17,0.08464895833333334,1.7841991043033139,64.70588235294117,-36.006384773156334,64.49444444444445
baseline,46,PPO,2026-05-07,283,1.1353709490740742,0.23873608808904986,100.0,-116.58731292920089,64.49444444444445
baseline,46,PPO,2026-05-08,288,1.0641583333333333,0.24134082689015735,98.95833333333334,-111.50615814436513,64.49444444444445
baseline,46,PPO,2026-05-09,288,1.1031237268518521,0.23115868093246972,100.0,-111.59870010855104,64.49444444444445
baseline,46,PPO,2026-05-10,288,1.0843128472222223,0.1982462757110712,99.65277777777779,-100.56992740478825,64.49444444444445
baseline,46,PPO,2026-05-11,283,1.1273091435185185,0.2140604707669177,100.0,-108.8541132270376,64.49444444444445
baseline,46,PPO,2026-05-12,288,1.081625578703704,0.21409354298257627,98.95833333333334,-105.28394037898188,64.49444444444445
baseline,46,PPO,2026-05-13,288,1.1058109953703705,0.20049871188782312,100.0,-103.01862902369294,64.49444444444445
baseline,46,PPO,2026-05-14,288,1.0896873842592596,0.2039775186179397,98.95833333333334,-103.12052536196644,64.49444444444445
baseline,46,PPO,2026-05-15,283,1.1111855324074076,0.26108575233775555,99.29328621908127,-121.06226791158468,64.49444444444445
baseline,46,PPO,2026-05-16,288,1.0896873842592596,0.30753307043204337,97.91666666666666,-133.54452428442823,64.49444444444445
baseline,46,PPO,2026-05-17,288,1.0923746527777778,0.251389353917139,99.30555555555556,-116.82513392813593,64.49444444444445
baseline,46,PPO,2026-05-18,288,1.0977491898148148,0.19204876243021257,98.95833333333334,-100.435043579901,64.49444444444445
baseline,46,PPO,2026-05-19,288,1.124621875,0.2413269427433741,98.95833333333334,-117.12715951009153,64.49444444444445
baseline,46,PPO,2026-05-20,283,1.093718287037037,0.257132079833746,98.23321554770318,-118.9183785929498,64.49444444444445
baseline,46,PPO,2026-05-21,288,1.08834375,0.22278752234961066,99.65277777777779,-108.01280643668777,64.49444444444445
baseline,46,PPO,2026-05-22,288,1.0923746527777778,0.23579361420179573,98.61111111111111,-112.73356089011693,64.49444444444445
baseline,46,PPO,2026-05-23,288,1.113872800925926,0.30086400844297556,98.61111111111111,-133.47383443157682,64.49444444444445
baseline,46,PPO,2026-05-24,17,0.08061805555555555,1.8554546420809968,64.70588235294117,-36.84272891537693,64.49444444444445
baseline,46,DQN,2026-05-07,283,1.1729927083333334,0.1956710703827532,100.0,-107.899912918319,64.49444444444445
baseline,46,DQN,2026-05-08,288,1.1179037037037038,0.258257035434716,98.95833333333334,-121.37802620519798,64.49444444444445
baseline,46,DQN,2026-05-09,288,1.1689618055555557,0.2814225624108187,100.0,-132.1996979743156,64.49444444444445
baseline,46,DQN,2026-05-10,288,1.1568690972222222,0.4657018634871874,99.65277777777779,-184.34713668430976,64.49444444444445
baseline,46,DQN,2026-05-11,283,1.1797108796296298,0.34059045465395754,100.0,-149.53709866706967,64.49444444444445
baseline,46,DQN,2026-05-12,288,1.1273091435185185,0.2289414317171788,98.95833333333334,-113.81013233454736,64.49444444444445
baseline,46,DQN,2026-05-13,288,1.150150925925926,0.2020546988350416,100.0,-107.59175326449179,64.49444444444445
baseline,46,DQN,2026-05-14,288,1.1299964120370372,0.2694919853251243,98.95833333333334,-125.73869177363562,64.49444444444445
baseline,46,DQN,2026-05-15,283,1.1568690972222222,0.23375077217143303,99.29328621908127,-117.57646852451533,64.49444444444445
baseline,46,DQN,2026-05-16,288,1.150150925925926,0.38249550561483286,97.91666666666666,-160.75870561707146,64.49444444444445
baseline,46,DQN,2026-05-17,288,1.166274537037037,0.37393601286076694,99.30555555555556,-158.99357170390076,64.49444444444445
baseline,46,DQN,2026-05-18,288,1.1461200231481483,0.3621346265605017,98.95833333333334,-153.91977244942407,64.49444444444445
baseline,46,DQN,2026-05-19,288,1.1743363425925928,0.2810075028927755,98.95833333333334,-133.18016083311903,64.49444444444445
baseline,46,DQN,2026-05-20,283,1.1286527777777777,0.2363853792482395,98.23321554770318,-116.29706232725148,64.49444444444445
baseline,46,DQN,2026-05-21,288,1.1299964120370372,0.1927599070166248,99.65277777777779,-103.23985322078786,64.49444444444445
baseline,46,DQN,2026-05-22,288,1.1420891203703705,0.3424380680433359,98.61111111111111,-148.07216359648058,64.49444444444445
baseline,46,DQN,2026-05-23,288,1.1689618055555557,0.3225050389891835,98.61111111111111,-144.83145122888462,64.49444444444445
baseline,46,DQN,2026-05-24,17,0.08464895833333334,1.8219684859503726,64.70588235294117,-36.648464261156334,64.49444444444445
reward_alpha_0p5,42,PPO,2026-05-07,283,1.166274537037037,0.1307466077465944,100.0,-70.40064499614311,64.49444444444445
reward_alpha_0p5,42,PPO,2026-05-08,288,1.0775946759259258,0.16892734514702148,98.95833333333334,-67.5755377011711,64.49444444444445
reward_alpha_0p5,42,PPO,2026-05-09,288,1.1205909722222223,0.1449885966192248,100.0,-67.52835791316835,64.49444444444445
reward_alpha_0p5,42,PPO,2026-05-10,288,1.093718287037037,0.1696652876997241,99.65277777777779,-68.78180142876025,64.49444444444445
reward_alpha_0p5,42,PPO,2026-05-11,283,1.155525462962963,0.1558507039024708,100.0,-72.95287460219959,64.49444444444445
reward_alpha_0p5,42,PPO,2026-05-12,288,1.093718287037037,0.19086886724385932,98.95833333333334,-72.23511688311575,64.49444444444445
reward_alpha_0p5,42,PPO,2026-05-13,288,1.1205909722222223,0.15829441308863254,100.0,-69.44439548476308,64.49444444444445
reward_alpha_0p5,42,PPO,2026-05-14,288,1.0964055555555556,0.18862468193786308,98.95833333333334,-72.16195419905226,64.49444444444445
reward_alpha_0p5,42,PPO,2026-05-15,283,1.1447763888888889,0.1554960680784139,99.29328621908127,-72.30269363309557,64.49444444444445
reward_alpha_0p5,42,PPO,2026-05-16,288,1.103123726851852,0.23304489401351297,97.91666666666666,-79.78346473794582,64.49444444444445
reward_alpha_0p5,42,PPO,2026-05-17,288,1.113872800925926,0.16112748996604664,99.30555555555556,-69.62735855511069,64.49444444444445
reward_alpha_0p5,42,PPO,2026-05-18,288,1.1071546296296297,0.1973118794008369,98.95833333333334,-74.41291063372046,64.49444444444445
reward_alpha_0p5,42,PPO,2026-05-19,288,1.1528381944444446,0.18710856442348747,98.95833333333334,-77.19363327698221,64.49444444444445
reward_alpha_0p5,42,PPO,2026-05-20,283,1.1058109953703705,0.20687077047353153,98.23321554770318,-76.54721402200465,64.49444444444445
reward_alpha_0p5,42,PPO,2026-05-21,288,1.1071546296296297,0.1594678294252615,99.65277777777779,-68.56336743723766,64.49444444444445
reward_alpha_0p5,42,PPO,2026-05-22,288,1.1058109953703705,0.20068408689981826,98.61111111111111,-74.97350851357376,64.49444444444445
reward_alpha_0p5,42,PPO,2026-05-23,288,1.1367145833333334,0.1981915228855239,98.61111111111111,-77.48957929551545,64.49444444444445
reward_alpha_0p5,42,PPO,2026-05-24,17,0.08464895833333334,1.7811252456607496,64.70588235294117,-20.81456458811637,64.49444444444445
reward_alpha_0p5,42,DQN,2026-05-07,283,1.166274537037037,0.18661552561539863,100.0,-78.30609687457883,64.49444444444445
reward_alpha_0p5,42,DQN,2026-05-08,288,1.0775946759259258,0.22196132169727228,98.95833333333334,-75.21243032440712,64.49444444444445
reward_alpha_0p5,42,DQN,2026-05-09,288,1.1299964120370372,0.1935186791086735,100.0,-75.39168979164899,64.49444444444445
reward_alpha_0p5,42,DQN,2026-05-10,288,1.1165600694444444,0.20720410931348976,99.65277777777779,-76.31239174114246,64.49444444444445
reward_alpha_0p5,42,DQN,2026-05-11,283,1.181054513888889,0.23911339990357713,100.0,-87.10954608635615,64.49444444444445
reward_alpha_0p5,42,DQN,2026-05-12,288,1.0964055555555556,0.21600559363179406,98.95833333333334,-76.10480548297832,64.49444444444445
reward_alpha_0p5,42,DQN,2026-05-13,288,1.1205909722222223,0.19516855846148248,100.0,-74.75427241845344,64.49444444444445
reward_alpha_0p5,42,DQN,2026-05-14,288,1.108498263888889,0.21016742232393074,98.95833333333334,-76.38910881464598,64.49444444444445
reward_alpha_0p5,42,DQN,2026-05-15,283,1.1474636574074075,0.19993446202700965,99.29328621908127,-78.8407263768219,64.49444444444445
reward_alpha_0p5,42,DQN,2026-05-16,288,1.1125291666666668,0.284698599671283,97.91666666666666,-88.09659835266473,64.49444444444445
reward_alpha_0p5,42,DQN,2026-05-17,288,1.1273091435185187,0.21505941518354663,99.30555555555556,-78.64355578643071,64.49444444444445
reward_alpha_0p5,42,DQN,2026-05-18,288,1.1407454861111113,0.2593893327899365,98.95833333333334,-86.47706392175084,64.49444444444445
reward_alpha_0p5,42,DQN,2026-05-19,288,1.1689618055555557,0.2399076854851113,98.95833333333334,-86.29670670985595,64.49444444444445
reward_alpha_0p5,42,DQN,2026-05-20,283,1.1071546296296297,0.24910268295116467,98.23321554770318,-82.64802963758972,64.49444444444445
reward_alpha_0p5,42,DQN,2026-05-21,288,1.104467361111111,0.2175328991057686,99.65277777777779,-76.67473747123069,64.49444444444445
reward_alpha_0p5,42,DQN,2026-05-22,288,1.119247337962963,0.22859886362028092,98.61111111111111,-80.24323636132038,64.49444444444445
reward_alpha_0p5,42,DQN,2026-05-23,288,1.150150925925926,0.23340913405537844,98.61111111111111,-83.81091530397454,64.49444444444445
reward_alpha_0p5,42,DQN,2026-05-24,17,0.08330532407407408,1.8100718508372202,64.70588235294117,-20.935610732116366,64.49444444444445
reward_alpha_0p5,43,PPO,2026-05-07,283,1.1635872685185187,0.16988640429463328,100.0,-75.68892620769057,64.49444444444445
reward_alpha_0p5,43,PPO,2026-05-08,288,1.0896873842592596,0.19119427776146425,98.95833333333334,-71.90697599765079,64.49444444444445
reward_alpha_0p5,43,PPO,2026-05-09,288,1.1340273148148148,0.16645396761815473,100.0,-71.86937133701421,64.49444444444445
reward_alpha_0p5,43,PPO,2026-05-10,288,1.1071546296296297,0.1831339458692749,99.65277777777779,-71.97128820517557,64.49444444444445
reward_alpha_0p5,43,PPO,2026-05-11,283,1.1461200231481483,0.16665399977316886,100.0,-73.60654096790333,64.49444444444445
reward_alpha_0p5,43,PPO,2026-05-12,288,1.103123726851852,0.18489441671910412,98.95833333333334,-72.24979600755096,64.49444444444445
reward_alpha_0p5,43,PPO,2026-05-13,288,1.1286527777777777,0.17472139052581068,100.0,-72.55988023571673,64.49444444444445
reward_alpha_0p5,43,PPO,2026-05-14,288,1.1071546296296297,0.2048938453469493,98.95833333333334,-75.50471372996067,64.49444444444445
reward_alpha_0p5,43,PPO,2026-05-15,283,1.1407454861111113,0.1903310540480906,99.29328621908127,-76.85684414780485,64.49444444444445
reward_alpha_0p5,43,PPO,2026-05-16,288,1.1179037037037038,0.2468499196256426,97.91666666666666,-83.1463884260924,64.49444444444445
reward_alpha_0p5,43,PPO,2026-05-17,288,1.1286527777777777,0.19776548806834424,99.30555555555556,-76.27823028184156,64.49444444444445
reward_alpha_0p5,43,PPO,2026-05-18,288,1.1071546296296297,0.1974733658014888,98.95833333333334,-74.43616467541439,64.49444444444445
reward_alpha_0p5,43,PPO,2026-05-19,288,1.1474636574074075,0.20171028930651438,98.95833333333334,-78.79628166013804,64.49444444444445
reward_alpha_0p5,43,PPO,2026-05-20,283,1.1111855324074076,0.21924639056648848,98.23321554770318,-78.79836426515809,64.49444444444445
reward_alpha_0p5,43,PPO,2026-05-21,288,1.1179037037037038,0.19024307008808805,99.65277777777779,-73.99500209268464,64.49444444444445
reward_alpha_0p5,43,PPO,2026-05-22,288,1.113872800925926,0.2229849062045187,98.61111111111111,-78.93482649345069,64.49444444444445
reward_alpha_0p5,43,PPO,2026-05-23,288,1.1447763888888889,0.22731725157770066,98.61111111111111,-82.43368422718889,64.49444444444445
reward_alpha_0p5,43,PPO,2026-05-24,17,0.08330532407407408,1.8100718508372202,64.70588235294117,-20.935610732116366,64.49444444444445
reward_alpha_0p5,43,DQN,2026-05-07,283,1.1622436342592593,0.29689527021184065,100.0,-93.53568073497543,64.49444444444445
reward_alpha_0p5,43,DQN,2026-05-08,288,1.099092824074074,0.27708431251639765,98.95833333333334,-85.15014100236122,64.49444444444445
reward_alpha_0p5,43,DQN,2026-05-09,288,1.1394018518518518,0.2593409709107637,100.0,-85.7450998111499,64.49444444444445
reward_alpha_0p5,43,DQN,2026-05-10,288,1.1098418981481482,0.3155596671861292,99.65277777777779,-91.29059207480253,64.49444444444445
reward_alpha_0p5,43,DQN,2026-05-11,283,1.155525462962963,0.29666138949509885,100.0,-92.87758661355652,64.49444444444445
reward_alpha_0p5,43,DQN,2026-05-12,288,1.1125291666666668,0.2787287993787262,98.95833333333334,-86.63694711053648,64.49444444444445
reward_alpha_0p5,43,DQN,2026-05-13,288,1.1394018518518518,0.2795039948478732,100.0,-88.64857525809376,64.49444444444445
reward_alpha_0p5,43,DQN,2026-05-14,288,1.1084982638888892,0.32273267585822607,98.95833333333334,-92.59850532358458,64.49444444444445
reward_alpha_0p5,43,DQN,2026-05-15,283,1.148807291666667,0.32243211378790587,99.29328621908127,-96.29914410098867,64.49444444444445
reward_alpha_0p5,43,DQN,2026-05-16,288,1.1165600694444446,0.3267109507423807,97.91666666666666,-94.52137690690272,64.49444444444445
reward_alpha_0p5,43,DQN,2026-05-17,288,1.1353709490740742,0.29460408660592585,99.30555555555556,-90.84798847125332,64.49444444444445
reward_alpha_0p5,43,DQN,2026-05-18,288,1.1165600694444446,0.3095709434062935,98.95833333333334,-91.45321585050627,64.49444444444445
reward_alpha_0p5,43,DQN,2026-05-19,288,1.154181828703704,0.32777182253681897,98.95833333333334,-97.57414244530196,64.49444444444445
reward_alpha_0p5,43,DQN,2026-05-20,283,1.1165600694444442,0.3052129542749302,98.23321554770318,-91.46263302990258,64.49444444444445
reward_alpha_0p5,43,DQN,2026-05-21,288,1.1205909722222225,0.2720257562419364,99.65277777777779,-86.02170889883882,64.49444444444445
reward_alpha_0p5,43,DQN,2026-05-22,288,1.1152164351851852,0.3300710988718757,98.61111111111111,-94.48023823755004,64.49444444444445
reward_alpha_0p5,43,DQN,2026-05-23,288,1.1488072916666667,0.3344046583149669,98.61111111111111,-98.22927079735518,64.49444444444445
reward_alpha_0p5,43,DQN,2026-05-24,17,0.08330532407407408,1.8530717567195734,64.70588235294117,-21.301109932116372,64.49444444444445
reward_alpha_0p5,44,PPO,2026-05-07,283,1.1380582175925928,0.1704772178909678,100.0,-73.39752633157194,64.49444444444445
reward_alpha_0p5,44,PPO,2026-05-08,288,1.0587837962962965,0.23141059921605242,98.95833333333334,-74.82312628711155,64.49444444444445
reward_alpha_0p5,44,PPO,2026-05-09,288,1.1058109953703705,0.19059457340704825,100.0,-72.7206185706149,64.49444444444445
reward_alpha_0p5,44,PPO,2026-05-10,288,1.061471064814815,0.22031576548790835,99.65277777777779,-73.07547023025876,64.49444444444445
reward_alpha_0p5,44,PPO,2026-05-11,283,1.1514945601851854,0.12488957372883622,100.0,-68.19687468263032,64.49444444444445
reward_alpha_0p5,44,PPO,2026-05-12,288,1.0896873842592596,0.1859944238137307,98.95833333333334,-71.15819702917719,64.49444444444445
reward_alpha_0p5,44,PPO,2026-05-13,288,1.1098418981481482,0.18207836279933312,100.0,-71.86928424310402,64.49444444444445
reward_alpha_0p5,44,PPO,2026-05-14,288,1.0843128472222225,0.1930718152121413,98.95833333333334,-71.67734139054834,64.49444444444445
reward_alpha_0p5,44,PPO,2026-05-15,283,1.1152164351851852,0.22916705174579866,99.29328621908127,-79.97713782203051,64.49444444444445
reward_alpha_0p5,44,PPO,2026-05-16,288,1.077594675925926,0.3037242418946634,97.91666666666666,-87.58629083283151,64.49444444444445
reward_alpha_0p5,44,PPO,2026-05-17,288,1.103123726851852,0.22084451932209734,99.30555555555556,-77.22661078238207,64.49444444444445
reward_alpha_0p5,44,PPO,2026-05-18,288,1.1071546296296297,0.17275837697105403,98.95833333333334,-70.87720628383184,64.49444444444445
reward_alpha_0p5,44,PPO,2026-05-19,288,1.1514945601851854,0.18444511756584464,98.95833333333334,-76.68509692948153,64.49444444444445
reward_alpha_0p5,44,PPO,2026-05-20,283,1.0977491898148148,0.2281700508246983,98.23321554770318,-78.81106219169476,64.49444444444445
reward_alpha_0p5,44,PPO,2026-05-21,288,1.0950619212962964,0.20696148819747093,99.65277777777779,-74.27745430043583,64.49444444444445
reward_alpha_0p5,44,PPO,2026-05-22,288,1.0923746527777778,0.2387434734051831,98.61111111111111,-79.20406017034635,64.49444444444445
reward_alpha_0p5,44,PPO,2026-05-23,288,1.119247337962963,0.2593400488751843,98.61111111111111,-84.66996703802648,64.49444444444445
reward_alpha_0p5,44,PPO,2026-05-24,17,0.08330532407407408,1.8226743683033138,64.70588235294117,-21.042732130578162,64.49444444444445
reward_alpha_0p5,44,DQN,2026-05-07,283,1.1394018518518518,0.17665564732019934,100.0,-74.39677409580815,64.49444444444445
reward_alpha_0p5,44,DQN,2026-05-08,288,1.0628146990740743,0.20083149610187018,98.95833333333334,-70.79473543866933,64.49444444444445
reward_alpha_0p5,44,DQN,2026-05-09,288,1.1179037037037038,0.15991550969492005,100.0,-69.42783339606845,64.49444444444445
reward_alpha_0p5,44,DQN,2026-05-10,288,1.10581099537037,0.1866815944361508,99.65277777777779,-72.35714959880565,64.49444444444445
reward_alpha_0p5,44,DQN,2026-05-11,283,1.1071546296296297,0.20485601407982457,100.0,-75.38712599229515,64.49444444444445
reward_alpha_0p5,44,DQN,2026-05-12,288,1.0628146990740743,0.2124024330421781,98.95833333333334,-72.46095035807359,64.49444444444445
reward_alpha_0p5,44,DQN,2026-05-13,288,1.108498263888889,0.16148539020997366,100.0,-68.77889619023614,64.49444444444445
reward_alpha_0p5,44,DQN,2026-05-14,288,1.0964055555555556,0.2135165542057094,98.95833333333334,-75.74638380562209,64.49444444444445
reward_alpha_0p5,44,DQN,2026-05-15,283,1.1367145833333334,0.19243464839432892,99.29328621908127,-76.77950274779748,64.49444444444445
reward_alpha_0p5,44,DQN,2026-05-16,288,1.1004364583333333,0.2513251162644233,97.91666666666666,-82.1658167420769,64.49444444444445
reward_alpha_0p5,44,DQN,2026-05-17,288,1.113872800925926,0.17403369823835185,99.30555555555556,-71.48585254632266,64.49444444444445
reward_alpha_0p5,44,DQN,2026-05-18,288,1.077594675925926,0.21839407656213553,98.95833333333334,-74.6987470249475,64.49444444444445
reward_alpha_0p5,44,DQN,2026-05-19,288,1.124621875,0.2023017904922274,98.95833333333334,-76.75645783088072,64.49444444444445
reward_alpha_0p5,44,DQN,2026-05-20,283,1.0816255787037037,0.23824386279395493,98.23321554770318,-78.73650658534464,64.49444444444445
reward_alpha_0p5,44,DQN,2026-05-21,288,1.0977491898148148,0.1630232658143601,99.65277777777779,-68.20035027726786,64.49444444444445
reward_alpha_0p5,44,DQN,2026-05-22,288,1.1098418981481482,0.21754048426666278,98.61111111111111,-77.77582973439937,64.49444444444445
reward_alpha_0p5,44,DQN,2026-05-23,288,1.1434327546296297,0.21872134804192955,98.61111111111111,-81.0708741180378,64.49444444444445
reward_alpha_0p5,44,DQN,2026-05-24,17,0.08196168981481482,1.791788489729556,64.70588235294117,-20.655202162701222,64.49444444444445
reward_alpha_0p5,45,PPO,2026-05-07,283,1.1259655092592593,0.21124527431460452,100.0,-78.04120631551652,64.49444444444445
reward_alpha_0p5,45,PPO,2026-05-08,288,1.0211620370370371,0.25263764876443023,98.95833333333334,-74.37982142207794,64.49444444444445
reward_alpha_0p5,45,PPO,2026-05-09,288,1.0856564814814815,0.20135938425748026,100.0,-72.39575133307711,64.49444444444445
reward_alpha_0p5,45,PPO,2026-05-10,288,1.0587837962962963,0.21998538071320317,99.65277777777779,-72.7778948227012,64.49444444444445
reward_alpha_0p5,45,PPO,2026-05-11,283,1.104467361111111,0.21589539135222008,100.0,-76.69919787633907,64.49444444444445
reward_alpha_0p5,45,PPO,2026-05-12,288,1.0345983796296299,0.25122490464999425,98.95833333333334,-75.42638626959916,64.49444444444445
reward_alpha_0p5,45,PPO,2026-05-13,288,1.0775946759259258,0.20125569760306744,100.0,-71.63082045484174,64.49444444444445
reward_alpha_0p5,45,PPO,2026-05-14,288,1.061471064814815,0.22876303481670993,98.95833333333334,-74.69187701360624,64.49444444444445
reward_alpha_0p5,45,PPO,2026-05-15,283,1.1017800925925927,0.2160082170376054,99.29328621908127,-76.8651627108212,64.49444444444445
reward_alpha_0p5,45,PPO,2026-05-16,288,1.056096527777778,0.308908113554782,97.91666666666666,-86.33276835188855,64.49444444444445
reward_alpha_0p5,45,PPO,2026-05-17,288,1.0749074074074074,0.20612855398663918,99.30555555555556,-72.48251177407604,64.49444444444445
reward_alpha_0p5,45,PPO,2026-05-18,288,1.0641583333333335,0.22052508845059637,98.95833333333334,-73.75561273688588,64.49444444444445
reward_alpha_0p5,45,PPO,2026-05-19,288,1.1017800925925927,0.24217185918625178,98.95833333333334,-80.37274772282025,64.49444444444445
reward_alpha_0p5,45,PPO,2026-05-20,283,1.050721990740741,0.28193427937162313,98.23321554770318,-82.04370053108462,64.49444444444445
reward_alpha_0p5,45,PPO,2026-05-21,288,1.061471064814815,0.20726235407990512,99.65277777777779,-71.19577898750634,64.49444444444445
reward_alpha_0p5,45,PPO,2026-05-22,288,1.066845601851852,0.25001741709130676,98.61111111111111,-78.45250806114812,64.49444444444445
reward_alpha_0p5,45,PPO,2026-05-23,288,1.0910310185185186,0.25706650799307074,98.61111111111111,-81.71757715100217,64.49444444444445
reward_alpha_0p5,45,PPO,2026-05-24,17,0.08061805555555557,1.823500875524861,64.70588235294117,-20.799757441961315,64.49444444444445
reward_alpha_0p5,45,DQN,2026-05-07,283,1.166274537037037,0.27798971234014824,100.0,-91.23554429613091,64.49444444444445
reward_alpha_0p5,45,DQN,2026-05-08,288,1.0950619212962962,0.30212454653082177,98.95833333333334,-88.3809347004383,64.49444444444445
reward_alpha_0p5,45,DQN,2026-05-09,288,1.1232782407407407,0.2724462361919109,100.0,-86.13225801163514,64.49444444444445
reward_alpha_0p5,45,DQN,2026-05-10,288,1.1340273148148148,0.29543623621805687,99.65277777777779,-90.6428180154002,64.49444444444445
reward_alpha_0p5,45,DQN,2026-05-11,283,1.1367145833333334,0.2650429745400979,100.0,-86.6535808974239,64.49444444444445
reward_alpha_0p5,45,DQN,2026-05-12,288,1.1058109953703705,0.23971009093770596,98.95833333333334,-80.39325309502964,64.49444444444445
reward_alpha_0p5,45,DQN,2026-05-13,288,1.1219346064814815,0.2510348597708332,100.0,-82.92401980699994,64.49444444444445
reward_alpha_0p5,45,DQN,2026-05-14,288,1.1420891203703705,0.2944638977411651,98.95833333333334,-91.65280127472766,64.49444444444445
reward_alpha_0p5,45,DQN,2026-05-15,283,1.1407454861111113,0.30718765429992195,99.29328621908127,-93.39205308343892,64.49444444444445
reward_alpha_0p5,45,DQN,2026-05-16,288,1.1152164351851852,0.36821541251045026,97.91666666666666,-100.37301940150476,64.49444444444445
reward_alpha_0p5,45,DQN,2026-05-17,288,1.1165600694444444,0.3043323516892176,99.30555555555556,-90.49885864324726,64.49444444444445
reward_alpha_0p5,45,DQN,2026-05-18,288,1.1232782407407407,0.29262045081447646,98.95833333333334,-89.63734491728454,64.49444444444445
reward_alpha_0p5,45,DQN,2026-05-19,288,1.155525462962963,0.2984254797867687,98.95833333333334,-93.4732690892946,64.49444444444445
reward_alpha_0p5,45,DQN,2026-05-20,283,1.1098418981481482,0.29099881407509803,98.23321554770318,-88.82633219162639,64.49444444444445
reward_alpha_0p5,45,DQN,2026-05-21,288,1.1111855324074074,0.27047241289513163,99.65277777777779,-84.92302745689899,64.49444444444445
reward_alpha_0p5,45,DQN,2026-05-22,288,1.1340273148148148,0.26468930544807395,98.61111111111111,-86.81525998452261,64.49444444444445
reward_alpha_0p5,45,DQN,2026-05-23,288,1.150150925925926,0.34138724842163204,98.61111111111111,-99.35976377271496,64.49444444444445
reward_alpha_0p5,45,DQN,2026-05-24,17,0.08464895833333334,1.7811252456607496,64.70588235294117,-20.81456458811637,64.49444444444445
reward_alpha_0p5,46,PPO,2026-05-07,283,1.1649309027777779,0.19003848113247385,100.0,-78.66544508024506,64.49444444444445
reward_alpha_0p5,46,PPO,2026-05-08,288,1.0896873842592596,0.23073504588167543,98.95833333333334,-77.60084660696123,64.49444444444445
reward_alpha_0p5,46,PPO,2026-05-09,288,1.1205909722222225,0.20109696713122796,100.0,-75.60796326689677,64.49444444444445
reward_alpha_0p5,46,PPO,2026-05-10,288,1.1152164351851852,0.20690937111536706,99.65277777777779,-76.14494944061279,64.49444444444445
reward_alpha_0p5,46,PPO,2026-05-11,283,1.1474636574074075,0.17085589473858945,100.0,-74.32610910551034,64.49444444444445
reward_alpha_0p5,46,PPO,2026-05-12,288,1.08834375,0.21986960239594677,98.95833333333334,-75.91122274501632,64.49444444444445
reward_alpha_0p5,46,PPO,2026-05-13,288,1.1219346064814817,0.18706791069671344,100.0,-73.71277914032672,64.49444444444445
reward_alpha_0p5,46,PPO,2026-05-14,288,1.1044673611111113,0.2209005089671947,98.95833333333334,-77.55967329127597,64.49444444444445
reward_alpha_0p5,46,PPO,2026-05-15,283,1.1407454861111113,0.2255141703403212,99.29328621908127,-81.8352551031554,64.49444444444445
reward_alpha_0p5,46,PPO,2026-05-16,288,1.1098418981481484,0.29160971585579915,97.91666666666666,-88.84179908323497,64.49444444444445
reward_alpha_0p5,46,PPO,2026-05-17,288,1.1058109953703705,0.221446625009652,99.30555555555556,-77.5633140013899,64.49444444444445
reward_alpha_0p5,46,PPO,2026-05-18,288,1.103123726851852,0.2177989617660511,98.95833333333334,-76.98805049431138,64.49444444444445
reward_alpha_0p5,46,PPO,2026-05-19,288,1.1447763888888889,0.2103547481362921,98.95833333333334,-79.79108373162602,64.49444444444445
reward_alpha_0p5,46,PPO,2026-05-20,283,1.101780092592593,0.2513057392677241,98.23321554770318,-82.45976210638291,64.49444444444445
reward_alpha_0p5,46,PPO,2026-05-21,288,1.108498263888889,0.19842987300741888,99.65277777777779,-74.29890171306835,64.49444444444445
reward_alpha_0p5,46,PPO,2026-05-22,288,1.1165600694444446,0.2405949295245428,98.61111111111111,-81.72066985153411,64.49444444444445
reward_alpha_0p5,46,PPO,2026-05-23,288,1.1367145833333336,0.2700993591345814,98.61111111111111,-87.84430771537974,64.49444444444445
reward_alpha_0p5,46,PPO,2026-05-24,17,0.08464895833333334,1.7811252456607496,64.70588235294117,-20.81456458811637,64.49444444444445
reward_alpha_0p5,46,DQN,2026-05-07,283,1.186429050925926,0.3852109689508657,100.0,-108.28235210654745,64.49444444444445
reward_alpha_0p5,46,DQN,2026-05-08,288,1.0614710648148147,0.33050000385933154,98.95833333333334,-89.34200055574378,64.49444444444445
reward_alpha_0p5,46,DQN,2026-05-09,288,1.1192473379629633,0.34608683089739656,100.0,-96.36150364922514,64.49444444444445
reward_alpha_0p5,46,DQN,2026-05-10,288,1.0964055555555559,0.315795712372181,99.65277777777779,-90.07458258159404,64.49444444444445
reward_alpha_0p5,46,DQN,2026-05-11,283,1.185085416666667,0.43429614580895154,100.0,-115.10290463196655,64.49444444444445
reward_alpha_0p5,46,DQN,2026-05-12,288,1.103123726851852,0.3602573143624295,98.95833333333334,-97.50205326818987,64.49444444444445
reward_alpha_0p5,46,DQN,2026-05-13,288,1.1461200231481483,0.36094409476384565,100.0,-101.00094964599373,64.49444444444445
reward_alpha_0p5,46,DQN,2026-05-14,288,1.119247337962963,0.3729229992780547,98.95833333333334,-100.82591189604,64.49444444444445
reward_alpha_0p5,46,DQN,2026-05-15,283,1.1488072916666667,0.3883349642316508,99.29328621908127,-105.62439743877863,64.49444444444445
reward_alpha_0p5,46,DQN,2026-05-16,288,1.092374652777778,0.39522432112809347,97.91666666666666,-102.1373022424454,64.49444444444445
reward_alpha_0p5,46,DQN,2026-05-17,288,1.119247337962963,0.3982807336275536,99.30555555555556,-104.2774256423677,64.49444444444445
reward_alpha_0p5,46,DQN,2026-05-18,288,1.1407454861111115,0.42932743729476536,98.95833333333334,-110.9481509704462,64.49444444444445
reward_alpha_0p5,46,DQN,2026-05-19,288,1.1689618055555557,0.41715938985220086,98.95833333333334,-111.82095213871683,64.49444444444445
reward_alpha_0p5,46,DQN,2026-05-20,283,1.1111855324074076,0.40641779144115286,98.23321554770318,-105.28311748892301,64.49444444444445
reward_alpha_0p5,46,DQN,2026-05-21,288,1.1219346064814815,0.3866576717232876,99.65277777777779,-102.6537047281534,64.49444444444445
reward_alpha_0p5,46,DQN,2026-05-22,288,1.108498263888889,0.3754904216572197,98.61111111111111,-100.39562071863956,64.49444444444445
reward_alpha_0p5,46,DQN,2026-05-23,288,1.1407454861111113,0.3950517708050428,98.61111111111111,-106.21245499592615,64.49444444444445
reward_alpha_0p5,46,DQN,2026-05-24,17,0.0859925925925926,1.9175894037783967,64.70588235294117,-22.09950993211637,64.49444444444445
reward_beta_1p0,42,PPO,2026-05-07,283,1.1407454861111113,0.5116095614136199,100.0,-300.4355058800543,64.49444444444445
reward_beta_1p0,42,PPO,2026-05-08,288,1.035942013888889,0.44565569744823347,98.95833333333334,-264.09884086509084,64.49444444444445
reward_beta_1p0,42,PPO,2026-05-09,288,1.104467361111111,0.48876919443162425,100.0,-288.6655279963076,64.49444444444445
reward_beta_1p0,42,PPO,2026-05-10,288,1.066845601851852,0.4911554385510042,99.65277777777779,-282.55276630268895,64.49444444444445
reward_beta_1p0,42,PPO,2026-05-11,283,1.1246218750000003,0.4789362008076975,100.0,-288.18894482857826,64.49444444444445
reward_beta_1p0,42,PPO,2026-05-12,288,1.0413165509259261,0.4754391727290448,98.95833333333334,-273.67648174596457,64.49444444444445
reward_beta_1p0,42,PPO,2026-05-13,288,1.092374652777778,0.5029303706362841,100.0,-290.4939467432496,64.49444444444445
reward_beta_1p0,42,PPO,2026-05-14,288,1.0547528935185186,0.5678478977233029,98.95833333333334,-302.79019454431096,64.49444444444445
reward_beta_1p0,42,PPO,2026-05-15,283,1.124621875,0.5271490443463744,99.29328621908127,-302.23317955002386,64.49444444444445
reward_beta_1p0,42,PPO,2026-05-16,288,1.066845601851852,0.5858447261554547,97.91666666666666,-310.823281132771,64.49444444444445
reward_beta_1p0,42,PPO,2026-05-17,288,1.0883437500000002,0.528237508598051,99.30555555555556,-297.43240247623834,64.49444444444445
reward_beta_1p0,42,PPO,2026-05-18,288,1.0480347222222222,0.5988290966076975,98.95833333333334,-310.46277982301683,64.49444444444445
reward_beta_1p0,42,PPO,2026-05-19,288,1.1219346064814817,0.5367618503503809,98.95833333333334,-306.3374129009095,64.49444444444445
reward_beta_1p0,42,PPO,2026-05-20,283,1.0587837962962963,0.6187076926728681,98.23321554770318,-316.4942770264212,64.49444444444445
reward_beta_1p0,42,PPO,2026-05-21,288,1.0628146990740743,0.5428407455646123,99.65277777777779,-296.68813472260797,64.49444444444445
reward_beta_1p0,42,PPO,2026-05-22,288,1.0668456018518517,0.5612103752627726,98.61111111111111,-303.32858807567806,64.49444444444445
reward_beta_1p0,42,PPO,2026-05-23,288,1.1125291666666668,0.5402678903783232,98.61111111111111,-305.7971524289566,64.49444444444445
reward_beta_1p0,42,PPO,2026-05-24,17,0.08061805555555555,1.9388603095897021,64.70588235294117,-45.76062526302492,64.49444444444445
reward_beta_1p0,42,DQN,2026-05-07,283,1.1595563657407408,0.23363309038520108,100.0,-225.26816457901177,64.49444444444445
reward_beta_1p0,42,DQN,2026-05-08,288,1.0762510416666666,0.26040743221814333,98.95833333333334,-218.24734047882504,64.49444444444445
reward_beta_1p0,42,DQN,2026-05-09,288,1.1125291666666668,0.22624302043835487,100.0,-214.5579898862461,64.49444444444445
reward_beta_1p0,42,DQN,2026-05-10,288,1.099092824074074,0.17961780697115237,99.65277777777779,-198.8299284076917,64.49444444444445
reward_beta_1p0,42,DQN,2026-05-11,283,1.1407454861111113,0.2799212870453799,100.0,-234.86772423384227,64.49444444444445
reward_beta_1p0,42,DQN,2026-05-12,288,1.0789383101851855,0.26855788126719926,98.95833333333334,-221.09466980495324,64.49444444444445
reward_beta_1p0,42,DQN,2026-05-13,288,1.1084982638888892,0.27524126219628,100.0,-227.91948351252836,64.49444444444445
reward_beta_1p0,42,DQN,2026-05-14,288,1.097749189814815,0.2268991101808293,98.95833333333334,-212.59694373207884,64.49444444444445
reward_beta_1p0,42,DQN,2026-05-15,283,1.1353709490740742,0.28374562457082314,99.29328621908127,-235.35001175354282,64.49444444444445
reward_beta_1p0,42,DQN,2026-05-16,288,1.1058109953703705,0.32003347639607227,97.91666666666666,-241.51964120206839,64.49444444444445
reward_beta_1p0,42,DQN,2026-05-17,288,1.1125291666666668,0.2915357703150638,99.30555555555556,-233.762301850738,64.49444444444445
reward_beta_1p0,42,DQN,2026-05-18,288,1.0964055555555556,0.22998732673847058,98.95833333333334,-213.23635010067935,64.49444444444445
reward_beta_1p0,42,DQN,2026-05-19,288,1.1326836805555558,0.33121895354105024,98.95833333333334,-249.14105861982236,64.49444444444445
reward_beta_1p0,42,DQN,2026-05-20,283,1.0910310185185188,0.30021338279427584,98.23321554770318,-232.3603873307799,64.49444444444445
reward_beta_1p0,42,DQN,2026-05-21,288,1.0977491898148148,0.284093475473697,99.65277777777779,-228.66892093642463,64.49444444444445
reward_beta_1p0,42,DQN,2026-05-22,288,1.1058109953703705,0.23876699121226608,98.61111111111111,-217.71489346913236,64.49444444444445
reward_beta_1p0,42,DQN,2026-05-23,288,1.1340273148148148,0.3503488119182239,98.61111111111111,-255.10045783244823,64.49444444444445
reward_beta_1p0,42,DQN,2026-05-24,17,0.08464895833333334,1.7811252456607496,64.70588235294117,-43.82912917623273,64.49444444444445
reward_beta_1p0,43,PPO,2026-05-07,283,1.1299964120370372,0.22154899295642694,100.0,-216.34836500666856,64.49444444444445
reward_beta_1p0,43,PPO,2026-05-08,288,1.0265365740740742,0.2671414964015693,98.95833333333334,-210.93675096365166,64.49444444444445
reward_beta_1p0,43,PPO,2026-05-09,288,1.0789383101851855,0.23454348007810205,100.0,-210.6985222624933,64.49444444444445
reward_beta_1p0,43,PPO,2026-05-10,288,1.039972916666667,0.2699837459617744,99.65277777777779,-213.85531883699076,64.49444444444445
reward_beta_1p0,43,PPO,2026-05-11,283,1.1286527777777777,0.19289470909325393,100.0,-207.9892026733907,64.49444444444445
reward_beta_1p0,43,PPO,2026-05-12,288,1.0574401620370373,0.24446014837341096,98.95833333333334,-210.15452273154207,64.49444444444445
reward_beta_1p0,43,PPO,2026-05-13,288,1.0762510416666666,0.22328047326980144,100.0,-206.9547763017028,64.49444444444445
reward_beta_1p0,43,PPO,2026-05-14,288,1.0655019675925927,0.2785098367999596,98.95833333333334,-221.4608329983882,64.49444444444445
reward_beta_1p0,43,PPO,2026-05-15,283,1.0990928240740743,0.24763763649397302,99.29328621908127,-218.3814511277941,64.49444444444445
reward_beta_1p0,43,PPO,2026-05-16,288,1.0493783564814816,0.32438422373169934,97.91666666666666,-232.27265643472913,64.49444444444445
reward_beta_1p0,43,PPO,2026-05-17,288,1.066845601851852,0.26079393989707245,99.30555555555556,-216.4086546903568,64.49444444444445
reward_beta_1p0,43,PPO,2026-05-18,288,1.0896873842592596,0.2306448583771834,98.95833333333334,-212.17571921262854,64.49444444444445
reward_beta_1p0,43,PPO,2026-05-19,288,1.119247337962963,0.25684773365548735,98.95833333333334,-225.22214729278005,64.49444444444445
reward_beta_1p0,43,PPO,2026-05-20,283,1.0708765046296296,0.2818982014864187,98.23321554770318,-223.42719102065615,64.49444444444445
reward_beta_1p0,43,PPO,2026-05-21,288,1.061471064814815,0.23833716049935738,99.65277777777779,-208.74110222381466,64.49444444444445
reward_beta_1p0,43,PPO,2026-05-22,288,1.066845601851852,0.2897011376073695,98.61111111111111,-225.13392763092202,64.49444444444445
reward_beta_1p0,43,PPO,2026-05-23,288,1.0896873842592596,0.3002478024028172,98.61111111111111,-232.4213670920112,64.49444444444445
reward_beta_1p0,43,PPO,2026-05-24,17,0.08061805555555555,1.8242292733206993,64.70588235294117,-43.81189764645188,64.49444444444445
reward_beta_1p0,43,DQN,2026-05-07,283,1.1380582175925924,0.7865929773611184,99.29328621908127,-378.1558125931963,64.49444444444445
reward_beta_1p0,43,DQN,2026-05-08,288,1.0332547453703704,0.9466979970926774,96.18055555555556,-409.4990231626909,64.49444444444445
reward_beta_1p0,43,DQN,2026-05-09,288,1.082969212962963,1.0615459407263492,99.30555555555556,-450.0252309291883,64.49444444444445
reward_beta_1p0,43,DQN,2026-05-10,288,1.0681892361111114,0.7276929044210015,98.26388888888889,-351.72555647324816,64.49444444444445
reward_beta_1p0,43,DQN,2026-05-11,283,1.1676181712962963,0.7288703520082634,92.226148409894,-371.32030961833857,64.49444444444445
reward_beta_1p0,43,DQN,2026-05-12,288,1.0534092592592592,0.902622514155991,98.95833333333334,-398.9552840769256,64.49444444444445
reward_beta_1p0,43,DQN,2026-05-13,288,1.0735637731481482,1.1280883482922544,97.91666666666666,-468.239444308169,64.49444444444445
reward_beta_1p0,43,DQN,2026-05-14,288,1.0708765046296296,0.7149134487911882,97.22222222222221,-349.1450732518615,64.49444444444445
reward_beta_1p0,43,DQN,2026-05-15,283,1.1286527777777777,0.8125066053456584,95.75971731448763,-385.739369312821,64.49444444444445
reward_beta_1p0,43,DQN,2026-05-16,288,1.0547528935185184,1.0159876512186525,96.875,-433.0544435509719,64.49444444444445
reward_beta_1p0,43,DQN,2026-05-17,288,1.0816255787037037,1.0402412011675408,97.22222222222221,-444.8394659362514,64.49444444444445
reward_beta_1p0,43,DQN,2026-05-18,288,1.104467361111111,0.6517981642936843,98.95833333333334,-336.21787131658084,64.49444444444445
reward_beta_1p0,43,DQN,2026-05-19,288,1.1340273148148148,0.8536448086144494,97.22222222222221,-400.84970488096104,64.49444444444445
reward_beta_1p0,43,DQN,2026-05-20,283,1.046691087962963,1.041428334068048,98.23321554770318,-433.8742185412573,64.49444444444445
reward_beta_1p0,43,DQN,2026-05-21,288,1.0695328703703704,1.0798447451097468,96.18055555555556,-454.59528659160725,64.49444444444445
reward_beta_1p0,43,DQN,2026-05-22,288,1.0722201388888888,0.7967055407418031,95.48611111111111,-373.9511957336389,64.49444444444445
reward_beta_1p0,43,DQN,2026-05-23,288,1.1219346064814815,0.8810523891081892,97.22222222222221,-406.49308806315827,64.49444444444445
reward_beta_1p0,43,DQN,2026-05-24,17,0.07524351851851853,2.530072595131397,47.05882352941176,-55.411234117233725,64.49444444444445
reward_beta_1p0,44,PPO,2026-05-07,283,1.1380582175925928,0.23441012016875165,100.0,-221.48806400775666,64.49444444444445
reward_beta_1p0,44,PPO,2026-05-08,288,1.056096527777778,0.23459118879166688,98.95833333333334,-207.06226237199976,64.49444444444445
reward_beta_1p0,44,PPO,2026-05-09,288,1.099092824074074,0.21700575965057892,100.0,-209.39765877936662,64.49444444444445
reward_beta_1p0,44,PPO,2026-05-10,288,1.0708765046296296,0.22391758435547182,99.65277777777779,-206.33826429437556,64.49444444444445
reward_beta_1p0,44,PPO,2026-05-11,283,1.1299964120370372,0.20069231717359126,100.0,-210.4459257601263,64.49444444444445
reward_beta_1p0,44,PPO,2026-05-12,288,1.0843128472222223,0.20770942632235118,98.95833333333334,-204.57031478083678,64.49444444444445
reward_beta_1p0,44,PPO,2026-05-13,288,1.103123726851852,0.1858791076873865,100.0,-201.1831830139671,64.49444444444445
reward_beta_1p0,44,PPO,2026-05-14,288,1.0802819444444445,0.20801159767984995,98.95833333333334,-203.90734013179664,64.49444444444445
reward_beta_1p0,44,PPO,2026-05-15,283,1.1071546296296297,0.2641816928813586,99.29328621908127,-224.56341908542427,64.49444444444445
reward_beta_1p0,44,PPO,2026-05-16,288,1.082969212962963,0.30916431384267123,97.91666666666666,-234.13932238668912,64.49444444444445
reward_beta_1p0,44,PPO,2026-05-17,288,1.0816255787037037,0.2634503819190868,99.30555555555556,-219.92370999269687,64.49444444444445
reward_beta_1p0,44,PPO,2026-05-18,288,1.097749189814815,0.198433345937069,98.95833333333334,-204.3988036298756,64.49444444444445
reward_beta_1p0,44,PPO,2026-05-19,288,1.124621875,0.23841525652984671,98.95833333333334,-220.9135938805957,64.49444444444445
reward_beta_1p0,44,PPO,2026-05-20,283,1.0910310185185186,0.24911058058472832,98.23321554770318,-217.89829430547775,64.49444444444445
reward_beta_1p0,44,PPO,2026-05-21,288,1.0802819444444445,0.21561338220534665,99.65277777777779,-205.69665407513963,64.49444444444445
reward_beta_1p0,44,PPO,2026-05-22,288,1.087000115740741,0.24448158229918582,98.61111111111111,-215.86069570216515,64.49444444444445
reward_beta_1p0,44,PPO,2026-05-23,288,1.1004364583333335,0.31557178015241427,98.61111111111111,-238.83467268389518,64.49444444444445
reward_beta_1p0,44,PPO,2026-05-24,17,0.08061805555555557,1.8360720760571816,64.70588235294117,-44.01322529297207,64.49444444444445
reward_beta_1p0,44,DQN,2026-05-07,283,1.1528381944444446,0.5840699913673264,100.0,-323.1918075569533,64.49444444444445
reward_beta_1p0,44,DQN,2026-05-08,288,1.0708765046296296,0.5848915633191663,98.95833333333334,-310.6987702359197,64.49444444444445
reward_beta_1p0,44,DQN,2026-05-09,288,1.0977491898148148,0.4962306288263658,100.0,-289.5644211019935,64.49444444444445
reward_beta_1p0,44,DQN,2026-05-10,288,1.0843128472222223,0.48792461027382494,99.65277777777779,-284.8722877588613,64.49444444444445
reward_beta_1p0,44,DQN,2026-05-11,283,1.1541818287037038,0.564344199637701,100.0,-317.85940849746913,64.49444444444445
reward_beta_1p0,44,DQN,2026-05-12,288,1.082969212962963,0.5764476652666485,98.95833333333334,-310.51692759679435,64.49444444444445
reward_beta_1p0,44,DQN,2026-05-13,288,1.124621875,0.5268036146001754,100.0,-303.36944100485067,64.49444444444445
reward_beta_1p0,44,DQN,2026-05-14,288,1.099092824074074,0.45030711327695666,98.95833333333334,-277.18844862376335,64.49444444444445
reward_beta_1p0,44,DQN,2026-05-15,283,1.1367145833333334,0.5829896136969523,99.29328621908127,-320.28606067623735,64.49444444444445
reward_beta_1p0,44,DQN,2026-05-16,288,1.08834375,0.6850971189121589,97.91666666666666,-343.40797024670167,64.49444444444445
reward_beta_1p0,44,DQN,2026-05-17,288,1.0910310185185186,0.4929530333591788,99.30555555555556,-287.7704736074431,64.49444444444445
reward_beta_1p0,44,DQN,2026-05-18,288,1.10581099537037,0.4625960985031651,98.95833333333334,-281.97767636891115,64.49444444444445
reward_beta_1p0,44,DQN,2026-05-19,288,1.1514945601851854,0.6126099980577517,98.95833333333334,-333.681679440632,64.49444444444445
reward_beta_1p0,44,DQN,2026-05-20,283,1.08834375,0.6636048164478116,98.23321554770318,-334.7001630547303,64.49444444444445
reward_beta_1p0,44,DQN,2026-05-21,288,1.1125291666666668,0.49720774609684387,99.65277777777779,-292.795830875891,64.49444444444445
reward_beta_1p0,44,DQN,2026-05-22,288,1.1017800925925927,0.5079722671559465,98.61111111111111,-294.4960129409122,64.49444444444445
reward_beta_1p0,44,DQN,2026-05-23,288,1.1259655092592593,0.663669041956392,98.61111111111111,-343.8366840834405,64.49444444444445
reward_beta_1p0,44,DQN,2026-05-24,17,0.08061805555555555,2.0169520619808394,64.70588235294117,-47.08818505367426,64.49444444444445
reward_beta_1p0,45,PPO,2026-05-07,283,1.148807291666667,0.1858067303552075,100.0,-209.73330469052354,64.49444444444445
reward_beta_1p0,45,PPO,2026-05-08,288,1.0695328703703704,0.2074849103483027,98.95833333333334,-201.75565418031087,64.49444444444445
reward_beta_1p0,45,PPO,2026-05-09,288,1.1111855324074076,0.18885399045377638,100.0,-203.53994925068733,64.49444444444445
reward_beta_1p0,45,PPO,2026-05-10,288,1.087000115740741,0.1822946532897824,99.65277777777779,-197.35086014745724,64.49444444444445
reward_beta_1p0,45,PPO,2026-05-11,283,1.1340273148148148,0.1890275765507966,100.0,-207.89480416387516,64.49444444444445
reward_beta_1p0,45,PPO,2026-05-12,288,1.0775946759259258,0.2001676902143189,98.95833333333334,-201.14829478172348,64.49444444444445
reward_beta_1p0,45,PPO,2026-05-13,288,1.1071546296296297,0.17073958962250893,100.0,-197.57300181128224,64.49444444444445
reward_beta_1p0,45,PPO,2026-05-14,288,1.0896873842592596,0.20192396472945587,98.95833333333334,-203.90410184208298,64.49444444444445
reward_beta_1p0,45,PPO,2026-05-15,283,1.1232782407407407,0.20597888302037948,99.29328621908127,-211.09202389476715,64.49444444444445
reward_beta_1p0,45,PPO,2026-05-16,288,1.0964055555555556,0.2671230524073816,97.91666666666666,-224.53143909332567,64.49444444444445
reward_beta_1p0,45,PPO,2026-05-17,288,1.1031237268518521,0.2030055156642198,99.30555555555556,-206.51558851129516,64.49444444444445
reward_beta_1p0,45,PPO,2026-05-18,288,1.087000115740741,0.20189206749550992,98.95833333333334,-203.39491543870653,64.49444444444445
reward_beta_1p0,45,PPO,2026-05-19,288,1.1326836805555558,0.21501764647848923,98.95833333333334,-215.67508218580468,64.49444444444445
reward_beta_1p0,45,PPO,2026-05-20,283,1.0923746527777778,0.22959429863714528,98.23321554770318,-212.62518651431193,64.49444444444445
reward_beta_1p0,45,PPO,2026-05-21,288,1.0950619212962962,0.18281020220551503,99.65277777777779,-198.999338235188,64.49444444444445
reward_beta_1p0,45,PPO,2026-05-22,288,1.1004364583333335,0.2168540711055661,98.61111111111111,-210.4039724784029,64.49444444444445
reward_beta_1p0,45,PPO,2026-05-23,288,1.124621875,0.24148133571023786,98.61111111111111,-221.99662468454824,64.49444444444445
reward_beta_1p0,45,PPO,2026-05-24,17,0.08330532407407408,1.8069444738089961,64.70588235294117,-44.018056054752925,64.49444444444445
reward_beta_1p0,45,DQN,2026-05-07,283,1.1514945601851854,0.21961879066338413,100.0,-219.80211775773736,64.49444444444445
reward_beta_1p0,45,DQN,2026-05-08,288,1.0816255787037037,0.29435662110222727,98.95833333333334,-229.0247068774412,64.49444444444445
reward_beta_1p0,45,DQN,2026-05-09,288,1.113872800925926,0.26030485608187837,100.0,-224.6177985515809,64.49444444444445
reward_beta_1p0,45,DQN,2026-05-10,288,1.08834375,0.28910523502580365,99.65277777777779,-228.36230768743118,64.49444444444445
reward_beta_1p0,45,DQN,2026-05-11,283,1.1447763888888889,0.19664491793343042,100.0,-212.0505117751607,64.49444444444445
reward_beta_1p0,45,DQN,2026-05-12,288,1.0923746527777778,0.2605348348031712,98.95833333333334,-221.2840324233132,64.49444444444445
reward_beta_1p0,45,DQN,2026-05-13,288,1.1152164351851852,0.2416980801529932,100.0,-219.50904708406165,64.49444444444445
reward_beta_1p0,45,DQN,2026-05-14,288,1.093718287037037,0.2503284542055752,98.95833333333334,-218.59459481120538,64.49444444444445
reward_beta_1p0,45,DQN,2026-05-15,283,1.1326836805555558,0.27336013864607134,99.29328621908127,-231.91091923683808,64.49444444444445
reward_beta_1p0,45,DQN,2026-05-16,288,1.1017800925925927,0.353005101503965,97.91666666666666,-250.26546923314157,64.49444444444445
reward_beta_1p0,45,DQN,2026-05-17,288,1.108498263888889,0.29411842685199624,99.30555555555556,-233.7561069333749,64.49444444444445
reward_beta_1p0,45,DQN,2026-05-18,288,1.1017800925925927,0.22246962725526925,98.95833333333334,-212.07125264951736,64.49444444444445
reward_beta_1p0,45,DQN,2026-05-19,288,1.1474636574074075,0.24650751725376668,98.95833333333334,-227.4941649690847,64.49444444444445
reward_beta_1p0,45,DQN,2026-05-20,283,1.1004364583333333,0.3037720320855435,98.23321554770318,-235.1174850802086,64.49444444444445
reward_beta_1p0,45,DQN,2026-05-21,288,1.103123726851852,0.25717000636888804,99.65277777777779,-221.9149618342396,64.49444444444445
reward_beta_1p0,45,DQN,2026-05-22,288,1.099092824074074,0.2839858196400919,98.61111111111111,-229.48791605634617,64.49444444444445
reward_beta_1p0,45,DQN,2026-05-23,288,1.1326836805555556,0.31233041339936884,98.61111111111111,-243.90115905901806,64.49444444444445
reward_beta_1p0,45,DQN,2026-05-24,17,0.08196168981481482,1.8267459166221733,64.70588235294117,-44.10468058257693,64.49444444444445
reward_beta_1p0,46,PPO,2026-05-07,283,1.101780092592593,0.2660301936956362,100.0,-223.68654481586486,64.49444444444445
reward_beta_1p0,46,PPO,2026-05-08,288,1.050721990740741,0.3116556203228273,98.95833333333334,-228.25681865297383,64.49444444444445
reward_beta_1p0,46,PPO,2026-05-09,288,1.092374652777778,0.24847059865643503,100.0,-217.2095324130531,64.49444444444445
reward_beta_1p0,46,PPO,2026-05-10,288,1.0708765046296298,0.24007623749412518,99.65277777777779,-210.9919563983077,64.49444444444445
reward_beta_1p0,46,PPO,2026-05-11,283,1.1017800925925927,0.23715006474852415,100.0,-215.5134683238321,64.49444444444445
reward_beta_1p0,46,PPO,2026-05-12,288,1.050721990740741,0.3423243524343466,98.95833333333334,-237.08941350109166,64.49444444444445
reward_beta_1p0,46,PPO,2026-05-13,288,1.0829692129629631,0.25927697661233845,100.0,-218.57176926435312,64.49444444444445
reward_beta_1p0,46,PPO,2026-05-14,288,1.0655019675925927,0.2461117773175132,98.95833333333334,-212.13019186744367,64.49444444444445
reward_beta_1p0,46,PPO,2026-05-15,283,1.0910310185185186,0.2997780209547291,99.29328621908127,-231.63717993018827,64.49444444444445
reward_beta_1p0,46,PPO,2026-05-16,288,1.0775946759259258,0.37518418041515217,97.91666666666666,-252.15304395956352,64.49444444444445
reward_beta_1p0,46,PPO,2026-05-17,288,1.0964055555555556,0.26589253385973294,99.30555555555556,-223.3770497516027,64.49444444444445
reward_beta_1p0,46,PPO,2026-05-18,288,1.061471064814815,0.27279397977129105,98.95833333333334,-219.06466617413164,64.49444444444445
reward_beta_1p0,46,PPO,2026-05-19,288,1.1058109953703705,0.2981217484824998,98.95833333333334,-234.60906356295965,64.49444444444445
reward_beta_1p0,46,PPO,2026-05-20,283,1.0655019675925927,0.34567591272717846,98.23321554770318,-240.47628330179126,64.49444444444445
reward_beta_1p0,46,PPO,2026-05-21,288,1.0775946759259258,0.2665302298582268,99.65277777777779,-219.86070619916913,64.49444444444445
reward_beta_1p0,46,PPO,2026-05-22,288,1.0802819444444445,0.2829806672186191,98.61111111111111,-225.6984321589622,64.49444444444445
reward_beta_1p0,46,PPO,2026-05-23,288,1.099092824074074,0.32107250311500013,98.61111111111111,-240.16888089711978,64.49444444444445
reward_beta_1p0,46,PPO,2026-05-24,17,0.0792744212962963,1.8332540191069788,64.70588235294117,-43.715318324818625,64.49444444444445
reward_beta_1p0,46,DQN,2026-05-07,283,1.1420891203703705,0.2045569221693995,100.0,-213.7896089739398,64.49444444444445
reward_beta_1p0,46,DQN,2026-05-08,288,1.0762510416666666,0.26910925104220507,98.95833333333334,-220.75346430015483,64.49444444444445
reward_beta_1p0,46,DQN,2026-05-09,288,1.1165600694444444,0.20886153210694886,100.0,-210.30212124680116,64.49444444444445
reward_beta_1p0,46,DQN,2026-05-10,288,1.0856564814814815,0.23241281576396094,99.65277777777779,-211.53489094002066,64.49444444444445
reward_beta_1p0,46,DQN,2026-05-11,283,1.1367145833333334,0.20874725915292044,100.0,-213.97547434027638,64.49444444444445
reward_beta_1p0,46,DQN,2026-05-12,288,1.0856564814814815,0.24584504126870904,98.95833333333334,-215.8033718853881,64.49444444444445
reward_beta_1p0,46,DQN,2026-05-13,288,1.1152164351851852,0.227231856453704,100.0,-215.34277465866654,64.49444444444445
reward_beta_1p0,46,DQN,2026-05-14,288,1.0896873842592596,0.23702751043530845,98.95833333333334,-214.01392300536838,64.49444444444445
reward_beta_1p0,46,DQN,2026-05-15,283,1.1340273148148148,0.2276005301549596,99.29328621908127,-219.21095003385332,64.49444444444445
reward_beta_1p0,46,DQN,2026-05-16,288,1.099092824074074,0.3023380893036266,97.91666666666666,-235.17336971944417,64.49444444444445
reward_beta_1p0,46,DQN,2026-05-17,288,1.1111855324074076,0.2376014096894714,99.30555555555556,-217.9792059905676,64.49444444444445
reward_beta_1p0,46,DQN,2026-05-18,288,1.0923746527777778,0.22963673157707565,98.95833333333334,-212.3853786941976,64.49444444444445
reward_beta_1p0,46,DQN,2026-05-19,288,1.1407454861111113,0.23408230586352494,98.95833333333334,-222.66570408869507,64.49444444444445
reward_beta_1p0,46,DQN,2026-05-20,283,1.0923746527777778,0.28819178051912625,98.23321554770318,-229.2082738869125,64.49444444444445
reward_beta_1p0,46,DQN,2026-05-21,288,1.1058109953703705,0.22525218352551135,99.65277777777779,-213.22262885534695,64.49444444444445
reward_beta_1p0,46,DQN,2026-05-22,288,1.0977491898148148,0.2708196097710579,98.61111111111111,-225.44604761406433,64.49444444444445
reward_beta_1p0,46,DQN,2026-05-23,288,1.1353709490740742,0.25812918784799854,98.61111111111111,-228.7912061002233,64.49444444444445
reward_beta_1p0,46,DQN,2026-05-24,17,0.08061805555555557,1.823500875524861,64.70588235294117,-43.799514883922626,64.49444444444445
reward_bonus_0p0,42,PPO,2026-05-07,283,1.1380582175925928,0.3415334488512386,100.0,-202.52896602490057,64.49444444444445
reward_bonus_0p0,42,PPO,2026-05-08,288,1.0520656250000002,0.46909695745754537,98.95833333333334,-232.97492374777306,64.49444444444445
reward_bonus_0p0,42,PPO,2026-05-09,288,1.066845601851852,0.5528954559443977,100.0,-258.4838913119866,64.49444444444445
reward_bonus_0p0,42,PPO,2026-05-10,288,1.0534092592592592,0.43178731518817987,99.65277777777779,-222.35474677419597,64.49444444444445
reward_bonus_0p0,42,PPO,2026-05-11,283,1.1353709490740742,0.23148405684324463,100.0,-171.13498808663815,64.49444444444445
reward_bonus_0p0,42,PPO,2026-05-12,288,1.0762510416666669,0.36417663245515847,98.95833333333334,-205.0078701470857,64.49444444444445
reward_bonus_0p0,42,PPO,2026-05-13,288,1.1125291666666668,0.393185145266944,100.0,-216.7373218368799,64.49444444444445
reward_bonus_0p0,42,PPO,2026-05-14,288,1.1098418981481482,0.38698160538855864,98.95833333333334,-214.7007023519048,64.49444444444445
reward_bonus_0p0,42,PPO,2026-05-15,283,1.0950619212962964,0.3828218790955472,99.29328621908127,-210.2135917840399,64.49444444444445
reward_bonus_0p0,42,PPO,2026-05-16,288,1.0520656250000002,0.6122011665628253,97.91666666666666,-274.18893597009384,64.49444444444445
reward_bonus_0p0,42,PPO,2026-05-17,288,1.0144438657407409,0.7417447003420594,99.30555555555556,-307.997473698513,64.49444444444445
reward_bonus_0p0,42,PPO,2026-05-18,288,1.1205909722222223,0.29690478535214654,98.95833333333334,-189.7585781814181,64.49444444444445
reward_bonus_0p0,42,PPO,2026-05-19,288,1.1313400462962964,0.3125410276905466,98.95833333333334,-195.2618159748775,64.49444444444445
reward_bonus_0p0,42,PPO,2026-05-20,283,1.0937182870370372,0.44733528386399457,98.23321554770318,-228.34588533351052,64.49444444444445
reward_bonus_0p0,42,PPO,2026-05-21,288,1.0440038194444445,0.5702005500381071,99.65277777777779,-261.3427584109748,64.49444444444445
reward_bonus_0p0,42,PPO,2026-05-22,288,1.0722201388888888,0.4262372448973913,98.61111111111111,-222.50632653044875,64.49444444444445
reward_bonus_0p0,42,PPO,2026-05-23,288,1.0574401620370373,0.5206274366643368,98.61111111111111,-248.31570175932882,64.49444444444445
reward_bonus_0p0,42,PPO,2026-05-24,17,0.08196168981481482,1.8483650845530852,64.70588235294117,-39.04720643740246,64.49444444444445
reward_bonus_0p0,42,DQN,2026-05-07,283,1.1716490740740741,0.21502802338699822,100.0,-169.8529306185206,64.49444444444445
reward_bonus_0p0,42,DQN,2026-05-08,288,1.103123726851852,0.26416462765388576,98.95833333333334,-178.70441276431907,64.49444444444445
reward_bonus_0p0,42,DQN,2026-05-09,288,1.1420891203703705,0.24814155028046248,100.0,-177.7147664807733,64.49444444444445
reward_bonus_0p0,42,DQN,2026-05-10,288,1.1299964120370372,0.24355944648245226,99.65277777777779,-175.27012058694623,64.49444444444445
reward_bonus_0p0,42,DQN,2026-05-11,283,1.1595563657407408,0.15654618598643746,100.0,-152.1775706341617,64.49444444444445
reward_bonus_0p0,42,DQN,2026-05-12,288,1.103123726851852,0.21698249954332105,98.95833333333334,-165.11595986847647,64.49444444444445
reward_bonus_0p0,42,DQN,2026-05-13,288,1.1353709490740742,0.24065244567034438,100.0,-174.93290435305926,64.49444444444445
reward_bonus_0p0,42,DQN,2026-05-14,288,1.1232782407407407,0.20644506336063306,98.95833333333334,-163.9561782478625,64.49444444444445
reward_bonus_0p0,42,DQN,2026-05-15,283,1.1461200231481483,0.2584843860410541,99.29328621908127,-179.77608124961836,64.49444444444445
reward_bonus_0p0,42,DQN,2026-05-16,288,1.1259655092592593,0.3046116571690366,97.91666666666666,-192.4781572646826,64.49444444444445
reward_bonus_0p0,42,DQN,2026-05-17,288,1.1380582175925926,0.25886489545423114,99.30555555555556,-180.42808989081865,64.49444444444445
reward_bonus_0p0,42,DQN,2026-05-18,288,1.1232782407407407,0.17139281878377757,98.95833333333334,-153.8611318097279,64.49444444444445
reward_bonus_0p0,42,DQN,2026-05-19,288,1.1622436342592593,0.21511301082604198,98.95833333333334,-170.07754711790028,64.49444444444445
reward_bonus_0p0,42,DQN,2026-05-20,283,1.108498263888889,0.2877902406584498,98.23321554770318,-184.56963810634116,64.49444444444445
reward_bonus_0p0,42,DQN,2026-05-21,288,1.1219346064814812,0.26442689098547095,99.65277777777779,-180.52994460381572,64.49444444444445
reward_bonus_0p0,42,DQN,2026-05-22,288,1.1273091435185185,0.24441135811788664,98.61111111111111,-175.2654711379514,64.49444444444445
reward_bonus_0p0,42,DQN,2026-05-23,288,1.1541818287037038,0.282904628850502,98.61111111111111,-188.85153310894458,64.49444444444445
reward_bonus_0p0,42,DQN,2026-05-24,17,0.08464895833333334,1.7811252456607496,64.70588235294117,-38.15412917623274,64.49444444444445
reward_bonus_0p0,43,PPO,2026-05-07,283,1.1649309027777779,0.8063587888305094,92.57950530035336,-336.57453723903393,64.49444444444445
reward_bonus_0p0,43,PPO,2026-05-08,288,1.1004364583333335,0.8952025919316626,95.13888888888889,-360.19334647631865,64.49444444444445
reward_bonus_0p0,43,PPO,2026-05-09,288,1.031911111111111,0.8244734299337587,91.66666666666666,-333.4483478209226,64.49444444444445
reward_bonus_0p0,43,PPO,2026-05-10,288,1.087000115740741,0.49195030839430703,99.65277777777779,-242.8066888175604,64.49444444444445
reward_bonus_0p0,43,PPO,2026-05-11,283,1.1797108796296298,1.0434520617078504,82.3321554770318,-405.04693346332186,64.49444444444445
reward_bonus_0p0,43,PPO,2026-05-12,288,1.0789383101851855,0.9234757708619082,88.54166666666666,-366.3360220082299,64.49444444444445
reward_bonus_0p0,43,PPO,2026-05-13,288,1.1058109953703705,0.9534742672221468,97.91666666666666,-377.4755889599783,64.49444444444445
reward_bonus_0p0,43,PPO,2026-05-14,288,1.1528381944444446,0.8511149699586628,88.54166666666666,-352.37111134809487,64.49444444444445
reward_bonus_0p0,43,PPO,2026-05-15,283,1.1313400462962964,0.9380105694313405,90.45936395759718,-370.7069911490692,64.49444444444445
reward_bonus_0p0,43,PPO,2026-05-16,288,1.1017800925925927,0.9198328069942678,97.22222222222221,-367.4118484143492,64.49444444444445
reward_bonus_0p0,43,PPO,2026-05-17,288,1.0036947916666668,1.0326806658167136,88.19444444444444,-390.78703175521343,64.49444444444445
reward_bonus_0p0,43,PPO,2026-05-18,288,1.1488072916666667,0.8405813086795662,92.01388888888889,-348.9624168997151,64.49444444444445
reward_bonus_0p0,43,PPO,2026-05-19,288,1.1541818287037038,1.099612800026919,84.02777777777779,-424.0634864077528,64.49444444444445
reward_bonus_0p0,43,PPO,2026-05-20,283,1.0923746527777778,0.8951441056341767,96.46643109540636,-354.9507818944722,64.49444444444445
reward_bonus_0p0,43,PPO,2026-05-21,288,1.0735637731481484,1.0592779346954075,97.56944444444444,-404.94704519227736,64.49444444444445
reward_bonus_0p0,43,PPO,2026-05-22,288,1.1407454861111113,0.7575450699499692,95.13888888888889,-324.2979801455911,64.49444444444445
reward_bonus_0p0,43,PPO,2026-05-23,288,1.1205909722222223,0.9666240364691614,88.54166666666666,-382.6377225031185,64.49444444444445
reward_bonus_0p0,43,PPO,2026-05-24,17,0.08061805555555555,1.891494496317791,64.70588235294117,-39.65540643740246,64.49444444444445
reward_bonus_0p0,43,DQN,2026-05-07,283,1.175679976851852,0.31665323607822893,100.0,-198.98786581013886,64.49444444444445
reward_bonus_0p0,43,DQN,2026-05-08,288,1.103123726851852,0.32896610425511,98.95833333333334,-197.36723802547158,64.49444444444445
reward_bonus_0p0,43,DQN,2026-05-09,288,1.1259655092592593,0.2584032486947349,100.0,-179.17013562408368,64.49444444444445
reward_bonus_0p0,43,DQN,2026-05-10,288,1.1098418981481482,0.2139924861793376,99.65277777777779,-164.87983601964922,64.49444444444445
reward_bonus_0p0,43,DQN,2026-05-11,283,1.1944908564814816,0.434556815519909,100.0,-234.10457879213425,64.49444444444445
reward_bonus_0p0,43,DQN,2026-05-12,288,1.1367145833333334,0.39589147388087575,98.95833333333334,-219.76674447769224,64.49444444444445
reward_bonus_0p0,43,DQN,2026-05-13,288,1.1434327546296295,0.2892048811173941,100.0,-189.66600576180952,64.49444444444445
reward_bonus_0p0,43,DQN,2026-05-14,288,1.1340273148148148,0.32200217368508227,98.95833333333334,-198.2366260213038,64.49444444444445
reward_bonus_0p0,43,DQN,2026-05-15,283,1.1461200231481483,0.35828631780933795,99.29328621908127,-208.02002794004264,64.49444444444445
reward_bonus_0p0,43,DQN,2026-05-16,288,1.1179037037037038,0.38893681824971726,97.91666666666666,-216.0138036559187,64.49444444444445
reward_bonus_0p0,43,DQN,2026-05-17,288,1.113872800925926,0.3022591947250503,99.30555555555556,-190.67564808081454,64.49444444444445
reward_bonus_0p0,43,DQN,2026-05-18,288,1.166274537037037,0.5306853559412537,98.95833333333334,-261.3373825110811,64.49444444444445
reward_bonus_0p0,43,DQN,2026-05-19,288,1.1823981481481483,0.39950949307628875,98.95833333333334,-225.05873400597122,64.49444444444445
reward_bonus_0p0,43,DQN,2026-05-20,283,1.1340273148148148,0.4029935991560965,98.23321554770318,-219.5471885611754,64.49444444444445
reward_bonus_0p0,43,DQN,2026-05-21,288,1.1232782407407407,0.2955269041487994,99.65277777777779,-189.61174839485432,64.49444444444445
reward_bonus_0p0,43,DQN,2026-05-22,288,1.1299964120370372,0.2815963990260284,98.61111111111111,-186.22476291949613,64.49444444444445
reward_bonus_0p0,43,DQN,2026-05-23,288,1.1407454861111113,0.40630573822484445,98.61111111111111,-223.1410526087553,64.49444444444445
reward_bonus_0p0,43,DQN,2026-05-24,17,0.0859925925925926,1.8457396155431027,64.70588235294117,-39.37757346423275,64.49444444444445
reward_bonus_0p0,44,PPO,2026-05-07,283,1.1461200231481483,0.25988862247992367,100.0,-180.17348016181828,64.49444444444445
reward_bonus_0p0,44,PPO,2026-05-08,288,1.1125291666666668,0.5754584420134689,92.36111111111111,-269.232031299879,64.49444444444445
reward_bonus_0p0,44,PPO,2026-05-09,288,1.1394018518518518,0.3860825376288056,98.61111111111111,-217.19177083709604,64.49444444444445
reward_bonus_0p0,44,PPO,2026-05-10,288,1.1326836805555556,0.5074275993281839,93.75,-251.51414860651695,64.49444444444445
reward_bonus_0p0,44,PPO,2026-05-11,283,1.1299964120370374,0.23456914277712995,100.0,-171.50806740592762,64.49444444444445
reward_bonus_0p0,44,PPO,2026-05-12,288,1.1353709490740744,0.5818814543165204,89.93055555555556,-273.2068588431579,64.49444444444445
reward_bonus_0p0,44,PPO,2026-05-13,288,1.1219346064814815,0.3440370676870229,100.0,-203.45767549386267,64.49444444444445
reward_bonus_0p0,44,PPO,2026-05-14,288,1.1246218750000003,0.41156896766516987,98.26388888888889,-223.1568626875688,64.49444444444445
reward_bonus_0p0,44,PPO,2026-05-15,283,1.1165600694444446,0.26786928174201113,99.29328621908127,-179.68200673298907,64.49444444444445
reward_bonus_0p0,44,PPO,2026-05-16,288,1.1286527777777777,0.5743980925323444,92.70833333333334,-270.42665064931504,64.49444444444445
reward_bonus_0p0,44,PPO,2026-05-17,288,1.0896873842592592,0.3733859597706876,99.30555555555556,-208.9101564139581,64.49444444444445
reward_bonus_0p0,44,PPO,2026-05-18,288,1.1179037037037038,0.3407205684164812,98.95833333333334,-202.12752370394657,64.49444444444445
reward_bonus_0p0,44,PPO,2026-05-19,288,1.1286527777777777,0.2661007779566675,98.95833333333334,-181.63702405152034,64.49444444444445
reward_bonus_0p0,44,PPO,2026-05-20,283,1.1017800925925927,0.4538036316651073,97.87985865724382,-230.92642776122537,64.49444444444445
reward_bonus_0p0,44,PPO,2026-05-21,288,1.066845601851852,0.4240704039235774,99.65277777777779,-221.3822763299903,64.49444444444445
reward_bonus_0p0,44,PPO,2026-05-22,288,1.1125291666666668,0.30837840045269305,98.61111111111111,-192.31297933037555,64.49444444444445
reward_bonus_0p0,44,PPO,2026-05-23,288,1.1111855324074074,0.3157006561810775,98.61111111111111,-194.29678898015032,64.49444444444445
reward_bonus_0p0,44,PPO,2026-05-24,17,0.08330532407407408,1.8162610982473986,64.70588235294117,-38.626438670205786,64.49444444444445
reward_bonus_0p0,44,DQN,2026-05-07,283,1.166274537037037,0.2397082590858814,100.0,-176.33743732130446,64.49444444444445
reward_bonus_0p0,44,DQN,2026-05-08,288,1.1071546296296297,0.2662951571177224,98.95833333333334,-179.69300524990393,64.49444444444445
reward_bonus_0p0,44,DQN,2026-05-09,288,1.1313400462962964,0.18603230588966932,100.0,-158.8273040962248,64.49444444444445
reward_bonus_0p0,44,DQN,2026-05-10,288,1.1152164351851852,0.18073413204760902,99.65277777777779,-155.8014300297114,64.49444444444445
reward_bonus_0p0,44,DQN,2026-05-11,283,1.1568690972222222,0.2367107133792006,100.0,-174.61413188631371,64.49444444444445
reward_bonus_0p0,44,DQN,2026-05-12,288,1.1232782407407407,0.28179987325662537,98.95833333333334,-185.65836349790808,64.49444444444445
reward_bonus_0p0,44,DQN,2026-05-13,288,1.1380582175925926,0.19609694867931918,100.0,-162.35092121964385,64.49444444444445
reward_bonus_0p0,44,DQN,2026-05-14,288,1.1273091435185185,0.22808029148087292,98.95833333333334,-170.5621239464914,64.49444444444445
reward_bonus_0p0,44,DQN,2026-05-15,283,1.1420891203703705,0.2770859319336199,99.29328621908127,-184.66531873721442,64.49444444444445
reward_bonus_0p0,44,DQN,2026-05-16,288,1.124621875,0.32875197837186776,97.91666666666666,-199.30556977109785,64.49444444444445
reward_bonus_0p0,44,DQN,2026-05-17,288,1.1205909722222223,0.22529224515077295,99.30555555555556,-169.1341666034226,64.49444444444445
reward_bonus_0p0,44,DQN,2026-05-18,288,1.1313400462962964,0.24876952578081854,98.95833333333334,-176.89562342487574,64.49444444444445
reward_bonus_0p0,44,DQN,2026-05-19,288,1.1622436342592593,0.2757262747341114,98.95833333333334,-187.53416712342408,64.49444444444445
reward_bonus_0p0,44,DQN,2026-05-20,283,1.1299964120370372,0.31023861897499083,98.23321554770318,-192.92252916992237,64.49444444444445
reward_bonus_0p0,44,DQN,2026-05-21,288,1.1219346064814812,0.2103739800607775,99.65277777777779,-164.96270625750387,64.49444444444445
reward_bonus_0p0,44,DQN,2026-05-22,288,1.1340273148148148,0.2385654777196855,98.61111111111111,-174.2068575832695,64.49444444444445
reward_bonus_0p0,44,DQN,2026-05-23,288,1.1394018518518518,0.3180372620138451,98.61111111111111,-197.59473145998734,64.49444444444445
reward_bonus_0p0,44,DQN,2026-05-24,17,0.08330532407407408,1.7697884897295557,64.70588235294117,-37.836404325402455,64.49444444444445
reward_bonus_0p0,45,PPO,2026-05-07,283,1.175679976851852,0.3891330502178843,100.0,-219.49965321166118,64.49444444444445
reward_bonus_0p0,45,PPO,2026-05-08,288,1.1729927083333334,0.9889622608884441,83.68055555555556,-393.9461311358721,64.49444444444445
reward_bonus_0p0,45,PPO,2026-05-09,288,1.104467361111111,0.7406914638852944,98.61111111111111,-316.06914159896496,64.49444444444445
reward_bonus_0p0,45,PPO,2026-05-10,288,1.1514945601851854,0.6673912064164059,94.09722222222221,-299.3336674479249,64.49444444444445
reward_bonus_0p0,45,PPO,2026-05-11,283,1.1582127314814816,0.4061457578664628,100.0,-222.68924947620894,64.49444444444445
reward_bonus_0p0,45,PPO,2026-05-12,288,1.1622436342592593,0.8881535438934716,88.88888888888889,-363.91322064131987,64.49444444444445
reward_bonus_0p0,45,PPO,2026-05-13,288,1.0843128472222223,0.680630051941588,100.0,-296.89645495917733,64.49444444444445
reward_bonus_0p0,45,PPO,2026-05-14,288,1.1380582175925928,0.6509789396972551,98.61111111111111,-293.35693463280944,64.49444444444445
reward_bonus_0p0,45,PPO,2026-05-15,283,1.1179037037037038,0.5410068700474788,99.29328621908127,-257.1049442234366,64.49444444444445
reward_bonus_0p0,45,PPO,2026-05-16,288,1.1353709490740742,0.8376656095474293,92.70833333333334,-346.87269554965974,64.49444444444445
reward_bonus_0p0,45,PPO,2026-05-17,288,1.0507219907407408,0.7948161086279134,99.30555555555556,-326.6570392848391,64.49444444444445
reward_bonus_0p0,45,PPO,2026-05-18,288,1.1273091435185187,0.6111016233917572,98.95833333333334,-280.8722675368261,64.49444444444445
reward_bonus_0p0,45,PPO,2026-05-19,288,1.1273091435185185,0.5986791694993162,98.95833333333334,-277.29460081580305,64.49444444444445
reward_bonus_0p0,45,PPO,2026-05-20,283,1.1058109953703705,0.7337677806093937,97.1731448763251,-310.5312819124583,64.49444444444445
reward_bonus_0p0,45,PPO,2026-05-21,288,1.0144438657407409,0.8069823873084316,99.65277777777779,-326.78592754482855,64.49444444444445
reward_bonus_0p0,45,PPO,2026-05-22,288,1.0964055555555556,0.5278594165028354,98.61111111111111,-254.02351195281662,64.49444444444445
reward_bonus_0p0,45,PPO,2026-05-23,288,1.093718287037037,0.6684835830574466,98.61111111111111,-294.27327192054474,64.49444444444445
reward_bonus_0p0,45,PPO,2026-05-24,17,0.08061805555555555,1.8216835554926756,64.70588235294117,-38.468620443375485,64.49444444444445
reward_bonus_0p0,45,DQN,2026-05-07,283,1.175679976851852,0.16366725464842272,100.0,-155.69283306550366,64.49444444444445
reward_bonus_0p0,45,DQN,2026-05-08,288,1.0950619212962964,0.22702017426571983,98.95833333333334,-167.2568101885274,64.49444444444445
reward_bonus_0p0,45,DQN,2026-05-09,288,1.1407454861111113,0.20855132915552232,100.0,-166.18778279679043,64.49444444444445
reward_bonus_0p0,45,DQN,2026-05-10,288,1.119247337962963,0.20785887288333427,99.65277777777779,-163.9883553904003,64.49444444444445
reward_bonus_0p0,45,DQN,2026-05-11,283,1.1568690972222222,0.18178546566357304,100.0,-159.07028678279116,64.49444444444445
reward_bonus_0p0,45,DQN,2026-05-12,288,1.0964055555555556,0.2490753710457231,98.95833333333334,-173.73370686116834,64.49444444444445
reward_bonus_0p0,45,DQN,2026-05-13,288,1.1326836805555556,0.22338575689087214,100.0,-169.7100979845713,64.49444444444445
reward_bonus_0p0,45,DQN,2026-05-14,288,1.1152164351851852,0.26811551502374037,98.95833333333334,-180.9672683268372,64.49444444444445
reward_bonus_0p0,45,DQN,2026-05-15,283,1.1568690972222222,0.21953326390612324,99.29328621908127,-169.75291368543287,64.49444444444445
reward_bonus_0p0,45,DQN,2026-05-16,288,1.1179037037037038,0.29682545837170615,97.91666666666666,-189.48573201105137,64.49444444444445
reward_bonus_0p0,45,DQN,2026-05-17,288,1.1340273148148148,0.23846871592113217,99.30555555555556,-174.1789901852859,64.49444444444445
reward_bonus_0p0,45,DQN,2026-05-18,288,1.108498263888889,0.2721114227305927,98.95833333333334,-181.49308974641085,64.49444444444445
reward_bonus_0p0,45,DQN,2026-05-19,288,1.1608999999999998,0.23490132165767916,98.95833333333334,-175.65158063741146,64.49444444444445
reward_bonus_0p0,45,DQN,2026-05-20,283,1.1071546296296297,0.26506183500920627,98.23321554770318,-178.0124993076051,64.49444444444445
reward_bonus_0p0,45,DQN,2026-05-21,288,1.1219346064814815,0.23975924126839784,99.65277777777779,-173.42566148529866,64.49444444444445
reward_bonus_0p0,45,DQN,2026-05-22,288,1.1219346064814812,0.25196094452102424,98.61111111111111,-176.9397520220551,64.49444444444445
reward_bonus_0p0,45,DQN,2026-05-23,288,1.155525462962963,0.25197363050351934,98.61111111111111,-180.0684055850136,64.49444444444445
reward_bonus_0p0,45,DQN,2026-05-24,17,0.08464895833333334,1.7811252456607496,64.70588235294117,-38.15412917623274,64.49444444444445
reward_bonus_0p0,46,PPO,2026-05-07,283,1.1609,0.17962604966510423,100.0,-158.83417205522449,64.49444444444445
reward_bonus_0p0,46,PPO,2026-05-08,288,1.0708765046296296,0.20811636022858673,98.95833333333334,-159.562511745833,64.49444444444445
reward_bonus_0p0,46,PPO,2026-05-09,288,1.1152164351851852,0.18646020387306075,100.0,-157.45053871544147,64.49444444444445
reward_bonus_0p0,46,PPO,2026-05-10,288,1.099092824074074,0.1652758453392512,99.65277777777779,-149.84944345770433,64.49444444444445
reward_bonus_0p0,46,PPO,2026-05-11,283,1.1488072916666667,0.15439769460442004,100.0,-150.56954757305095,64.49444444444445
reward_bonus_0p0,46,PPO,2026-05-12,288,1.08834375,0.17811361246805227,98.95833333333334,-152.54672039079915,64.49444444444445
reward_bonus_0p0,46,PPO,2026-05-13,288,1.1152164351851852,0.15897119096043785,100.0,-149.53370299660605,64.49444444444445
reward_bonus_0p0,46,PPO,2026-05-14,288,1.1017800925925927,0.1669613408699262,98.95833333333334,-150.5848661705388,64.49444444444445
reward_bonus_0p0,46,PPO,2026-05-15,283,1.1313400462962964,0.21459152046244426,99.29328621908127,-165.97940029087175,64.49444444444445
reward_bonus_0p0,46,PPO,2026-05-16,288,1.0977491898148148,0.280531142835015,97.91666666666666,-182.9179691364842,64.49444444444445
reward_bonus_0p0,46,PPO,2026-05-17,288,1.099092824074074,0.22787242077013264,99.30555555555556,-167.8772571817982,64.49444444444445
reward_bonus_0p0,46,PPO,2026-05-18,288,1.1017800925925927,0.17301002427405163,98.95833333333334,-152.32688699092682,64.49444444444445
reward_bonus_0p0,46,PPO,2026-05-19,288,1.1420891203703705,0.20483929539907145,98.95833333333334,-165.2437170749327,64.49444444444445
reward_bonus_0p0,46,PPO,2026-05-20,283,1.103123726851852,0.22643396861594017,98.23321554770318,-166.70581311831103,64.49444444444445
reward_bonus_0p0,46,PPO,2026-05-21,288,1.099092824074074,0.1805288005718454,99.65277777777779,-154.24229456469152,64.49444444444445
reward_bonus_0p0,46,PPO,2026-05-22,288,1.1098418981481484,0.20139928819634434,98.61111111111111,-161.25299500054726,64.49444444444445
reward_bonus_0p0,46,PPO,2026-05-23,288,1.1232782407407407,0.2848965882823117,98.61111111111111,-186.55021742530593,64.49444444444445
reward_bonus_0p0,46,PPO,2026-05-24,17,0.08196168981481482,1.7815531956119086,64.70588235294117,-37.91140432540245,64.49444444444445
reward_bonus_0p0,46,DQN,2026-05-07,283,1.1810545138888893,0.18250053618919165,100.0,-161.52265174154127,64.49444444444445
reward_bonus_0p0,46,DQN,2026-05-08,288,1.1098418981481482,0.19802918472439718,98.95833333333334,-160.28240520062644,64.49444444444445
reward_bonus_0p0,46,DQN,2026-05-09,288,1.1528381944444446,0.15944856697127271,100.0,-153.17118728772664,64.49444444444445
reward_bonus_0p0,46,DQN,2026-05-10,288,1.1407454861111113,0.1868701705726066,99.65277777777779,-159.9436091249109,64.49444444444445
reward_bonus_0p0,46,DQN,2026-05-11,283,1.1729927083333334,0.20826724674072838,100.0,-168.06463082762613,64.49444444444445
reward_bonus_0p0,46,DQN,2026-05-12,288,1.1205909722222223,0.17960926658340018,98.95833333333334,-155.97746877601924,64.49444444444445
reward_bonus_0p0,46,DQN,2026-05-13,288,1.1528381944444446,0.16409776072518975,100.0,-154.51015508885462,64.49444444444445
reward_bonus_0p0,46,DQN,2026-05-14,288,1.1394018518518518,0.20698666968530213,98.95833333333334,-165.61216086936702,64.49444444444445
reward_bonus_0p0,46,DQN,2026-05-15,283,1.1622436342592593,0.228739337407846,99.29328621908127,-172.85823248642035,64.49444444444445
reward_bonus_0p0,46,DQN,2026-05-16,288,1.1367145833333334,0.23971689909790259,97.91666666666666,-174.7884669401959,64.49444444444445
reward_bonus_0p0,46,DQN,2026-05-17,288,1.148807291666667,0.19399825203057908,99.30555555555556,-162.7464965848068,64.49444444444445
reward_bonus_0p0,46,DQN,2026-05-18,288,1.1447763888888889,0.20774963232968563,98.95833333333334,-166.33189411094946,64.49444444444445
reward_bonus_0p0,46,DQN,2026-05-19,288,1.1729927083333331,0.23987840348998668,98.95833333333334,-178.2099802051162,64.49444444444445
reward_bonus_0p0,46,DQN,2026-05-20,283,1.1299964120370372,0.23067293098191874,98.23321554770318,-170.40543946788318,64.49444444444445
reward_bonus_0p0,46,DQN,2026-05-21,288,1.1367145833333334,0.1564843817491043,99.65277777777779,-150.81750194374212,64.49444444444445
reward_bonus_0p0,46,DQN,2026-05-22,288,1.1461200231481483,0.21270294073667323,98.61111111111111,-167.88344693216172,64.49444444444445
reward_bonus_0p0,46,DQN,2026-05-23,288,1.1622436342592593,0.25455194497355693,98.61111111111111,-181.4359601523845,64.49444444444445
reward_bonus_0p0,46,DQN,2026-05-24,17,0.08330532407407408,1.7697884897295557,64.70588235294117,-37.836404325402455,64.49444444444445
env_response_minus20,42,PPO,2026-05-07,283,1.1528381944444446,0.1368437465221033,100.0,-89.37678026575507,64.49444444444445
env_response_minus20,42,PPO,2026-05-08,288,1.050721990740741,0.19540068870535807,98.61111111111111,-97.22539834714293,64.49444444444445
env_response_minus20,42,PPO,2026-05-09,288,1.097749189814815,0.1422034388690346,100.0,-85.47959039428183,64.49444444444445
env_response_minus20,42,PPO,2026-05-10,288,1.0749074074074074,0.15640882116267932,99.30555555555556,-87.84574049485153,64.49444444444445
env_response_minus20,42,PPO,2026-05-11,283,1.1394018518518518,0.14501215467894737,100.0,-90.438439774142,64.49444444444445
env_response_minus20,42,PPO,2026-05-12,288,1.0695328703703704,0.1839651257374938,98.61111111111111,-95.68195621239798,64.49444444444445
env_response_minus20,42,PPO,2026-05-13,288,1.1004364583333335,0.1418077964106877,99.65277777777779,-85.81564536627792,64.49444444444445
env_response_minus20,42,PPO,2026-05-14,288,1.082969212962963,0.17584797409415623,98.61111111111111,-94.59421653911684,64.49444444444445
env_response_minus20,42,PPO,2026-05-15,283,1.124621875,0.1575883183503351,99.29328621908127,-93.02249409314476,64.49444444444445
env_response_minus20,42,PPO,2026-05-16,288,1.0789383101851855,0.2622297330538249,97.22222222222221,-119.89716311950123,64.49444444444445
env_response_minus20,42,PPO,2026-05-17,288,1.093718287037037,0.15638706014599435,99.30555555555556,-89.58947332204622,64.49444444444445
env_response_minus20,42,PPO,2026-05-18,288,1.0923746527777778,0.17185602097970143,98.61111111111111,-94.31953404215375,64.49444444444445
env_response_minus20,42,PPO,2026-05-19,288,1.1340273148148148,0.175753144792712,98.61111111111111,-99.31690570030092,64.49444444444445
env_response_minus20,42,PPO,2026-05-20,283,1.0896873842592596,0.22512869849683195,97.52650176678446,-109.88642167460313,64.49444444444445
env_response_minus20,42,PPO,2026-05-21,288,1.0896873842592592,0.14869712628478632,99.30555555555556,-86.99977237001836,64.49444444444445
env_response_minus20,42,PPO,2026-05-22,288,1.0923746527777778,0.20892702615397363,97.91666666666666,-105.39598353234423,64.49444444444445
env_response_minus20,42,PPO,2026-05-23,288,1.1152164351851852,0.21316021912116603,98.26388888888889,-108.5401431068956,64.49444444444445
env_response_minus20,42,PPO,2026-05-24,17,0.0859925925925926,2.265087242441867,52.94117647058824,-44.70648312151173,64.49444444444445
env_response_minus20,42,DQN,2026-05-07,283,1.1635872685185187,0.284843034204769,100.0,-132.26057867994948,64.49444444444445
env_response_minus20,42,DQN,2026-05-08,288,1.0708765046296296,0.317079711138339,98.61111111111111,-134.1439568078414,64.49444444444445
env_response_minus20,42,DQN,2026-05-09,288,1.108498263888889,0.27329587829227464,100.0,-124.23421294817487,64.49444444444445
env_response_minus20,42,DQN,2026-05-10,288,1.1152164351851852,0.24279435748831638,99.30555555555556,-116.47477495663493,64.49444444444445
env_response_minus20,42,DQN,2026-05-11,283,1.1340273148148148,0.31230253933029545,100.0,-137.2816186304734,64.49444444444445
env_response_minus20,42,DQN,2026-05-12,288,1.0816255787037037,0.3156876975287122,98.61111111111111,-134.74305688826882,64.49444444444445
env_response_minus20,42,DQN,2026-05-13,288,1.1111855324074076,0.2567997023702018,99.65277777777779,-119.93331428261797,64.49444444444445
env_response_minus20,42,DQN,2026-05-14,288,1.113872800925926,0.2906249642146437,98.61111111111111,-130.52498969381716,64.49444444444445
env_response_minus20,42,DQN,2026-05-15,283,1.1326836805555556,0.30189496575343167,99.29328621908127,-134.6112753082209,64.49444444444445
env_response_minus20,42,DQN,2026-05-16,288,1.0964055555555556,0.4191753160241546,97.22222222222221,-166.72249101495626,64.49444444444445
env_response_minus20,42,DQN,2026-05-17,288,1.0950619212962964,0.33844219617232363,99.30555555555556,-142.14635249762907,64.49444444444445
env_response_minus20,42,DQN,2026-05-18,288,1.1071546296296297,0.32787891616865283,98.61111111111111,-140.62912785657178,64.49444444444445
env_response_minus20,42,DQN,2026-05-19,288,1.1447763888888889,0.2991521154089614,98.61111111111111,-135.8558092377807,64.49444444444445
env_response_minus20,42,DQN,2026-05-20,283,1.0950619212962964,0.3598048426772005,97.52650176678446,-148.4997704776474,64.49444444444445
env_response_minus20,42,DQN,2026-05-21,288,1.093718287037037,0.2964138141892249,99.30555555555556,-129.91717848649657,64.49444444444445
env_response_minus20,42,DQN,2026-05-22,288,1.1205909722222223,0.3433708764129345,97.91666666666666,-146.7408124069248,64.49444444444445
env_response_minus20,42,DQN,2026-05-23,288,1.1205909722222223,0.3960473390617609,98.26388888888889,-161.71163364978673,64.49444444444445
env_response_minus20,42,DQN,2026-05-24,17,0.0859925925925926,2.265087242441867,52.94117647058824,-44.70648312151173,64.49444444444445
env_response_minus20,43,PPO,2026-05-07,283,1.155525462962963,0.14906020462218522,100.0,-93.08403790807826,64.49444444444445
env_response_minus20,43,PPO,2026-05-08,288,1.0816255787037037,0.16698795486073045,98.61111111111111,-91.91753099989015,64.49444444444445
env_response_minus20,43,PPO,2026-05-09,288,1.1205909722222223,0.1328319050914077,100.0,-84.90558866632537,64.49444444444445
env_response_minus20,43,PPO,2026-05-10,288,1.092374652777778,0.1457195547459635,99.30555555555556,-86.39223176683731,64.49444444444445
env_response_minus20,43,PPO,2026-05-11,283,1.1461200231481483,0.1406565347942286,100.0,-89.83079934676657,64.49444444444445
env_response_minus20,43,PPO,2026-05-12,288,1.093718287037037,0.1664998484042344,98.61111111111111,-92.90195634041929,64.49444444444445
env_response_minus20,43,PPO,2026-05-13,288,1.1219346064814817,0.13627992074654627,99.65277777777779,-86.22361717500524,64.49444444444445
env_response_minus20,43,PPO,2026-05-14,288,1.099092824074074,0.17394264466826753,98.61111111111111,-95.54548166446082,64.49444444444445
env_response_minus20,43,PPO,2026-05-15,283,1.1353709490740742,0.15729229611331866,99.29328621908127,-93.93871980006905,64.49444444444445
env_response_minus20,43,PPO,2026-05-16,288,1.1111855324074076,0.24114165512564434,97.22222222222221,-116.82379667618522,64.49444444444445
env_response_minus20,43,PPO,2026-05-17,288,1.1098418981481482,0.15360834365867027,99.30555555555556,-90.28920297369692,64.49444444444445
env_response_minus20,43,PPO,2026-05-18,288,1.108498263888889,0.16936586237591145,98.61111111111111,-95.10236836426239,64.49444444444445
env_response_minus20,43,PPO,2026-05-19,288,1.1461200231481483,0.17615902040180734,98.61111111111111,-100.55879787572039,64.49444444444445
env_response_minus20,43,PPO,2026-05-20,283,1.108498263888889,0.21246398146841108,97.52650176678446,-108.05230675556014,64.49444444444445
env_response_minus20,43,PPO,2026-05-21,288,1.1111855324074074,0.14592866396208842,99.30555555555556,-88.20245522108137,64.49444444444445
env_response_minus20,43,PPO,2026-05-22,288,1.108498263888889,0.19672288809163907,97.91666666666666,-103.38119177039167,64.49444444444445
env_response_minus20,43,PPO,2026-05-23,288,1.1367145833333334,0.20863249987458254,98.26388888888889,-109.23615996387963,64.49444444444445
env_response_minus20,43,PPO,2026-05-24,17,0.08867986111111112,2.262658553618244,52.94117647058824,-44.91519541151014,64.49444444444445
env_response_minus20,43,DQN,2026-05-07,283,1.181054513888889,0.24386101292593898,100.0,-122.28766665804045,64.49444444444445
env_response_minus20,43,DQN,2026-05-08,288,1.1273091435185187,0.32684580379026973,98.61111111111111,-142.20659149159755,64.49444444444445
env_response_minus20,43,DQN,2026-05-09,288,1.1541818287037038,0.22001513713213663,100.0,-113.13935949405514,64.49444444444445
env_response_minus20,43,DQN,2026-05-10,288,1.1488072916666665,0.3129909084093174,99.30555555555556,-139.81638162188307,64.49444444444445
env_response_minus20,43,DQN,2026-05-11,283,1.1770236111111112,0.2695921457184645,100.0,-129.1945772383252,64.49444444444445
env_response_minus20,43,DQN,2026-05-12,288,1.1380582175925926,0.3353181007099637,98.61111111111111,-145.64661300446934,64.49444444444445
env_response_minus20,43,DQN,2026-05-13,288,1.155525462962963,0.2401338158064881,99.65277777777779,-119.25853895226847,64.49444444444445
env_response_minus20,43,DQN,2026-05-14,288,1.155525462962963,0.35811685920980263,98.61111111111111,-153.83765545242287,64.49444444444445
env_response_minus20,43,DQN,2026-05-15,283,1.1582127314814816,0.2776546449679137,99.29328621908127,-130.1262645259194,64.49444444444445
env_response_minus20,43,DQN,2026-05-16,288,1.150150925925926,0.3715032088757775,97.22222222222221,-157.99292415622364,64.49444444444445
env_response_minus20,43,DQN,2026-05-17,288,1.1488072916666667,0.2672734788404116,99.30555555555556,-126.64976190603822,64.49444444444445
env_response_minus20,43,DQN,2026-05-18,288,1.1635872685185187,0.4024715018788953,98.61111111111111,-167.36179254112156,64.49444444444445
env_response_minus20,43,DQN,2026-05-19,288,1.1783672453703704,0.3162141197156708,98.61111111111111,-143.89466647811287,64.49444444444445
env_response_minus20,43,DQN,2026-05-20,283,1.1474636574074075,0.3657051017999307,97.52650176678446,-155.04454380938014,64.49444444444445
env_response_minus20,43,DQN,2026-05-21,288,1.1394018518518518,0.22576008384004942,99.30555555555556,-113.81890414593396,64.49444444444445
env_response_minus20,43,DQN,2026-05-22,288,1.1609,0.3397530700895338,97.91666666666666,-149.4488841857855,64.49444444444445
env_response_minus20,43,DQN,2026-05-23,288,1.1609,0.3163220594083107,98.26388888888889,-142.5007531095932,64.49444444444445
env_response_minus20,43,DQN,2026-05-24,17,0.08867986111111112,2.262658553618244,52.94117647058824,-44.91519541151014,64.49444444444445
env_response_minus20,44,PPO,2026-05-07,283,1.155525462962963,0.14685485400352163,100.0,-92.45992368299645,64.49444444444445
env_response_minus20,44,PPO,2026-05-08,288,1.0789383101851855,0.1893196669013759,98.61111111111111,-98.09906406759606,64.49444444444445
env_response_minus20,44,PPO,2026-05-09,288,1.1205909722222225,0.14761826574390058,100.0,-89.16406053424326,64.49444444444445
env_response_minus20,44,PPO,2026-05-10,288,1.0843128472222225,0.16554038068592014,99.30555555555556,-91.35062963754486,64.49444444444445
env_response_minus20,44,PPO,2026-05-11,283,1.1729927083333331,0.11142997147687735,100.0,-84.05968192795619,64.49444444444445
env_response_minus20,44,PPO,2026-05-12,288,1.1179037037037038,0.14968426964106454,98.61111111111111,-90.30906965662642,64.49444444444445
env_response_minus20,44,PPO,2026-05-13,288,1.1286527777777777,0.13919253767817036,99.65277777777779,-87.68745085131293,64.49444444444445
env_response_minus20,44,PPO,2026-05-14,288,1.1044673611111113,0.17732203463594795,98.61111111111111,-97.0187459751528,64.49444444444445
env_response_minus20,44,PPO,2026-05-15,283,1.1299964120370374,0.17529644441753178,99.29328621908127,-98.5338937701613,64.49444444444445
env_response_minus20,44,PPO,2026-05-16,288,1.1017800925925927,0.25998628004552116,97.22222222222221,-121.37604865310982,64.49444444444445
env_response_minus20,44,PPO,2026-05-17,288,1.1125291666666668,0.16465555711884303,99.30555555555556,-93.72080045022663,64.49444444444445
env_response_minus20,44,PPO,2026-05-18,288,1.1353709490740742,0.1548191791026959,98.61111111111111,-93.41292358157627,64.49444444444445
env_response_minus20,44,PPO,2026-05-19,288,1.170305439814815,0.1667970081698974,98.61111111111111,-100.11253835293024,64.49444444444445
env_response_minus20,44,PPO,2026-05-20,283,1.124621875,0.20191263702909212,97.52650176678446,-106.56627627923272,64.49444444444445
env_response_minus20,44,PPO,2026-05-21,288,1.1058109953703705,0.16638948826692415,99.30555555555556,-93.59517262087404,64.49444444444445
env_response_minus20,44,PPO,2026-05-22,288,1.104467361111111,0.21219330853136428,97.91666666666666,-107.46167285703274,64.49444444444445
env_response_minus20,44,PPO,2026-05-23,288,1.1286527777777777,0.22580686009647277,98.26388888888889,-113.43237570778393,64.49444444444445
env_response_minus20,44,PPO,2026-05-24,17,0.08733622685185186,2.2624897835075357,52.94117647058824,-44.7873263196281,64.49444444444445
env_response_minus20,44,DQN,2026-05-07,283,1.185085416666667,0.1606285851462822,100.0,-99.1078895963977,64.49444444444445
env_response_minus20,44,DQN,2026-05-08,288,1.108498263888889,0.20411288029705388,98.61111111111111,-105.10950952555126,64.49444444444445
env_response_minus20,44,DQN,2026-05-09,288,1.1461200231481483,0.19461145469180902,100.0,-105.07309895124091,64.49444444444445
env_response_minus20,44,DQN,2026-05-10,288,1.1326836805555554,0.24565368678398233,99.30555555555556,-118.92326179378665,64.49444444444445
env_response_minus20,44,DQN,2026-05-11,283,1.1823981481481483,0.16443060123044453,100.0,-99.93386014821563,64.49444444444445
env_response_minus20,44,DQN,2026-05-12,288,1.1232782407407407,0.2193321676742002,98.61111111111111,-110.86766429016946,64.49444444444445
env_response_minus20,44,DQN,2026-05-13,288,1.1380582175925928,0.19772022213031434,99.65277777777779,-105.41842397353038,64.49444444444445
env_response_minus20,44,DQN,2026-05-14,288,1.124621875,0.24762424562956958,98.61111111111111,-119.14078274131577,64.49444444444445
env_response_minus20,44,DQN,2026-05-15,283,1.1595563657407406,0.1976680320459759,99.29328621908127,-107.61505306901103,64.49444444444445
env_response_minus20,44,DQN,2026-05-16,288,1.1259655092592593,0.29026808591069386,97.22222222222221,-132.34720874227955,64.49444444444445
env_response_minus20,44,DQN,2026-05-17,288,1.1367145833333334,0.23423051788327698,99.30555555555556,-116.00838915038362,64.49444444444445
env_response_minus20,44,DQN,2026-05-18,288,1.1326836805555554,0.24066223334218018,98.61111111111111,-117.88572320254758,64.49444444444445
env_response_minus20,44,DQN,2026-05-19,288,1.1716490740740741,0.2044052278705527,98.61111111111111,-111.06870562671898,64.49444444444445
env_response_minus20,44,DQN,2026-05-20,283,1.1273091435185187,0.2569517776204906,97.52650176678446,-122.3923530665987,64.49444444444445
env_response_minus20,44,DQN,2026-05-21,288,1.124621875,0.20774952714914782,99.30555555555556,-107.2568638189544,64.49444444444445
env_response_minus20,44,DQN,2026-05-22,288,1.1299964120370372,0.2943566986577595,97.91666666666666,-133.49972921343445,64.49444444444445
env_response_minus20,44,DQN,2026-05-23,288,1.1582127314814816,0.2503575432934849,98.26388888888889,-123.25297246852331,64.49444444444445
env_response_minus20,44,DQN,2026-05-24,17,0.08867986111111112,2.271901548213418,52.94117647058824,-45.0723263196281,64.49444444444445
env_response_minus20,45,PPO,2026-05-07,283,1.1609,0.11758154734965019,100.0,-84.67557789995082,64.49444444444445
env_response_minus20,45,PPO,2026-05-08,288,1.061471064814815,0.16750316352506864,98.61111111111111,-90.19091109521955,64.49444444444445
env_response_minus20,45,PPO,2026-05-09,288,1.1219346064814817,0.12136253683327484,100.0,-81.72741060798303,64.49444444444445
env_response_minus20,45,PPO,2026-05-10,288,1.1071546296296297,0.14765226704543785,99.30555555555556,-88.3238529090859,64.49444444444445
env_response_minus20,45,PPO,2026-05-11,283,1.1380582175925926,0.13167574713413835,100.0,-86.53923643896101,64.49444444444445
env_response_minus20,45,PPO,2026-05-12,288,1.0628146990740743,0.17502883410409137,98.61111111111111,-92.48330422197812,64.49444444444445
env_response_minus20,45,PPO,2026-05-13,288,1.1058109953703705,0.12768521823089551,99.65277777777779,-82.24834285049783,64.49444444444445
env_response_minus20,45,PPO,2026-05-14,288,1.103123726851852,0.16055545940416366,98.61111111111111,-92.06497230839892,64.49444444444445
env_response_minus20,45,PPO,2026-05-15,283,1.1407454861111113,0.12504968404931024,99.29328621908127,-85.3140605859547,64.49444444444445
env_response_minus20,45,PPO,2026-05-16,288,1.099092824074074,0.2381398051221696,97.22222222222221,-114.83426387518449,64.49444444444445
env_response_minus20,45,PPO,2026-05-17,288,1.1125291666666668,0.13991252410785185,99.30555555555556,-86.59480694306119,64.49444444444445
env_response_minus20,45,PPO,2026-05-18,288,1.0923746527777778,0.15771159395478218,98.61111111111111,-90.24593905897713,64.49444444444445
env_response_minus20,45,PPO,2026-05-19,288,1.1340273148148148,0.17074130346059094,98.61111111111111,-97.87349539665004,64.49444444444445
env_response_minus20,45,PPO,2026-05-20,283,1.0870001157407407,0.21402692043194646,97.52650176678446,-106.49461848224065,64.49444444444445
env_response_minus20,45,PPO,2026-05-21,288,1.093718287037037,0.1394318348315238,99.30555555555556,-84.70636843147867,64.49444444444445
env_response_minus20,45,PPO,2026-05-22,288,1.1098418981481482,0.1910334662327451,97.91666666666666,-101.86763827503029,64.49444444444445
env_response_minus20,45,PPO,2026-05-23,288,1.1340273148148148,0.19107356972779602,98.26388888888889,-103.92918808160493,64.49444444444445
env_response_minus20,45,PPO,2026-05-24,17,0.08733622685185186,2.2508572958605706,52.94117647058824,-44.58957402962969,64.49444444444445
env_response_minus20,45,DQN,2026-05-07,283,1.1891163194444445,0.19592257760460796,100.0,-109.47108946210386,64.49444444444445
env_response_minus20,45,DQN,2026-05-08,288,1.1165600694444446,0.2563115675891304,98.61111111111111,-120.89273146566936,64.49444444444445
env_response_minus20,45,DQN,2026-05-09,288,1.1447763888888889,0.1928147776890213,100.0,-104.4306559744379,64.49444444444445
env_response_minus20,45,DQN,2026-05-10,288,1.1299964120370372,0.1551009322093689,99.30555555555556,-92.59406847629805,64.49444444444445
env_response_minus20,45,DQN,2026-05-11,283,1.1743363425925928,0.16796530834749607,100.0,-100.18418226234127,64.49444444444445
env_response_minus20,45,DQN,2026-05-12,288,1.1299964120370372,0.2691110378407687,98.61111111111111,-125.82897889814126,64.49444444444445
env_response_minus20,45,DQN,2026-05-13,288,1.1420891203703705,0.22708737078474708,99.65277777777779,-114.25116278600687,64.49444444444445
env_response_minus20,45,DQN,2026-05-14,288,1.1286527777777777,0.18382292968234007,98.61111111111111,-101.14100374851378,64.49444444444445
env_response_minus20,45,DQN,2026-05-15,283,1.1622436342592593,0.22114851860572268,99.29328621908127,-114.51003076541934,64.49444444444445
env_response_minus20,45,DQN,2026-05-16,288,1.1367145833333334,0.30046972040169656,97.22222222222221,-136.28527947568827,64.49444444444445
env_response_minus20,45,DQN,2026-05-17,288,1.1380582175925926,0.19722191641397846,99.30555555555556,-105.47491192722572,64.49444444444445
env_response_minus20,45,DQN,2026-05-18,288,1.1353709490740742,0.2009665308278342,98.61111111111111,-106.70336087841606,64.49444444444445
env_response_minus20,45,DQN,2026-05-19,288,1.1756799768518518,0.2548807896340578,98.61111111111111,-125.98066741460838,64.49444444444445
env_response_minus20,45,DQN,2026-05-20,283,1.1326836805555556,0.29343251699788214,97.52650176678446,-133.21640231040035,64.49444444444445
env_response_minus20,45,DQN,2026-05-21,288,1.1286527777777777,0.22867494788673376,99.30555555555556,-113.65838499137918,64.49444444444445
env_response_minus20,45,DQN,2026-05-22,288,1.1394018518518518,0.20880733927317824,97.91666666666666,-109.73651371067513,64.49444444444445
env_response_minus20,45,DQN,2026-05-23,288,1.1609,0.2538288157260684,98.26388888888889,-124.50269892910742,64.49444444444445
env_response_minus20,45,DQN,2026-05-24,17,0.09002349537037038,2.283666254095771,52.94117647058824,-45.3973263196281,64.49444444444445
env_response_minus20,46,PPO,2026-05-07,283,1.155525462962963,0.15820960660166317,100.0,-95.6733186682705,64.49444444444445
env_response_minus20,46,PPO,2026-05-08,288,1.0749074074074074,0.18774908388272366,98.61111111111111,-97.27173615822417,64.49444444444445
env_response_minus20,46,PPO,2026-05-09,288,1.124621875,0.1440282116060144,100.0,-88.50512494253195,64.49444444444445
env_response_minus20,46,PPO,2026-05-10,288,1.0977491898148148,0.1460932957450787,99.30555555555556,-86.99986917458253,64.49444444444445
env_response_minus20,46,PPO,2026-05-11,283,1.1407454861111113,0.16161321843375978,100.0,-95.2615408167539,64.49444444444445
env_response_minus20,46,PPO,2026-05-12,288,1.0923746527777778,0.18619301208297773,98.61111111111111,-98.44858747989741,64.49444444444445
env_response_minus20,46,PPO,2026-05-13,288,1.1205909722222223,0.15175280329574892,99.65277777777779,-90.55480734917559,64.49444444444445
env_response_minus20,46,PPO,2026-05-14,288,1.1017800925925927,0.18537601939231568,98.61111111111111,-99.08829358498676,64.49444444444445
env_response_minus20,46,PPO,2026-05-15,283,1.1286527777777777,0.18599425039454065,99.29328621908127,-101.4363728616549,64.49444444444445
env_response_minus20,46,PPO,2026-05-16,288,1.1098418981481482,0.2502378139241064,97.22222222222221,-119.31849041014235,64.49444444444445
env_response_minus20,46,PPO,2026-05-17,288,1.1152164351851852,0.16335814670723975,99.30555555555556,-93.59714625168489,64.49444444444445
env_response_minus20,46,PPO,2026-05-18,288,1.1071546296296297,0.18198311953297275,98.61111111111111,-98.61113842549598,64.49444444444445
env_response_minus20,46,PPO,2026-05-19,288,1.1394018518518518,0.1976032504821427,98.61111111111111,-106.1097361388569,64.49444444444445
env_response_minus20,46,PPO,2026-05-20,283,1.104467361111111,0.22234554030541057,97.52650176678446,-110.47378790643084,64.49444444444445
env_response_minus20,46,PPO,2026-05-21,288,1.1017800925925927,0.1506820965053492,99.30555555555556,-88.69644379354052,64.49444444444445
env_response_minus20,46,PPO,2026-05-22,288,1.1058109953703705,0.2078489018305416,97.91666666666666,-106.3354837271957,64.49444444444445
env_response_minus20,46,PPO,2026-05-23,288,1.1259655092592593,0.2360878464012671,98.26388888888889,-116.1432997635647,64.49444444444445
env_response_minus20,46,PPO,2026-05-24,17,0.0859925925925926,2.265087242441867,52.94117647058824,-44.70648312151173,64.49444444444445
env_response_minus20,46,DQN,2026-05-07,283,1.1864290509259263,0.17373060623495318,100.0,-102.94076156449154,64.49444444444445
env_response_minus20,46,DQN,2026-05-08,288,1.124621875,0.20803477746145893,98.61111111111111,-107.73901590889989,64.49444444444445
env_response_minus20,46,DQN,2026-05-09,288,1.1595563657407406,0.13443856257066375,100.0,-88.99330602035103,64.49444444444445
env_response_minus20,46,DQN,2026-05-10,288,1.1286527777777777,0.13840139916718075,99.30555555555556,-87.65960296014791,64.49444444444445
env_response_minus20,46,DQN,2026-05-11,283,1.1823981481481483,0.20084595493194193,100.0,-110.23940524573939,64.49444444444445
env_response_minus20,46,DQN,2026-05-12,288,1.1407454861111113,0.23845559055681076,98.61111111111111,-118.00021008036124,64.49444444444445
env_response_minus20,46,DQN,2026-05-13,288,1.1622436342592593,0.18268887374271273,99.65277777777779,-103.3393956379011,64.49444444444445
env_response_minus20,46,DQN,2026-05-14,288,1.1407454861111113,0.21177654863494222,98.61111111111111,-110.31664600686311,64.49444444444445
env_response_minus20,46,DQN,2026-05-15,283,1.166274537037037,0.21488988228135109,99.29328621908127,-113.11383668562213,64.49444444444445
env_response_minus20,46,DQN,2026-05-16,288,1.1461200231481483,0.23986295522022705,97.22222222222221,-119.70553110342506,64.49444444444445
env_response_minus20,46,DQN,2026-05-17,288,1.1514945601851854,0.17329415768024875,99.30555555555556,-99.8337174119115,64.49444444444445
env_response_minus20,46,DQN,2026-05-18,288,1.1514945601851854,0.2451738825602481,98.61111111111111,-120.93507817735127,64.49444444444445
env_response_minus20,46,DQN,2026-05-19,288,1.185085416666667,0.24884534268211833,98.61111111111111,-125.1174586924499,64.49444444444445
env_response_minus20,46,DQN,2026-05-20,283,1.1461200231481483,0.25683845932261806,97.52650176678446,-124.11028398830057,64.49444444444445
env_response_minus20,46,DQN,2026-05-21,288,1.1488072916666665,0.20304513587688922,99.30555555555556,-108.151999132544,64.49444444444445
env_response_minus20,46,DQN,2026-05-22,288,1.14343275462963,0.22314022170342213,97.91666666666666,-114.23938385058531,64.49444444444445
env_response_minus20,46,DQN,2026-05-23,288,1.170305439814815,0.2483237131472074,98.26388888888889,-123.79222938639546,64.49444444444445
env_response_minus20,46,DQN,2026-05-24,17,0.08867986111111112,2.271901548213418,52.94117647058824,-45.0723263196281,64.49444444444445
env_response_plus20,42,PPO,2026-05-07,283,1.150150925925926,0.18999573580172135,100.0,-104.16879323188701,64.49444444444445
env_response_plus20,42,PPO,2026-05-08,288,1.0466910879629632,0.24188845190035244,98.95833333333334,-110.03887414730144,64.49444444444445
env_response_plus20,42,PPO,2026-05-09,288,1.097749189814815,0.19902376960109974,100.0,-101.84384564511646,64.49444444444445
env_response_plus20,42,PPO,2026-05-10,288,1.0762510416666666,0.2049945500111635,99.65277777777779,-101.76343040321484,64.49444444444445
env_response_plus20,42,PPO,2026-05-11,283,1.1326836805555556,0.1982417974467595,100.0,-104.87742867743272,64.49444444444445
env_response_plus20,42,PPO,2026-05-12,288,1.0574401620370373,0.2396264831433998,99.30555555555556,-110.18742714529888,64.49444444444445
env_response_plus20,42,PPO,2026-05-13,288,1.093718287037037,0.21790332119094913,100.0,-106.90615650299311,64.49444444444445
env_response_plus20,42,PPO,2026-05-14,288,1.0735637731481484,0.23785808391834484,98.95833333333334,-111.37812816848312,64.49444444444445
env_response_plus20,42,PPO,2026-05-15,283,1.1179037037037038,0.21237784660337522,99.64664310954063,-107.70293058875504,64.49444444444445
env_response_plus20,42,PPO,2026-05-16,288,1.0762510416666669,0.28732993979752425,98.26388888888889,-126.27602266168687,64.49444444444445
env_response_plus20,42,PPO,2026-05-17,288,1.0843128472222225,0.2174443311249355,99.65277777777779,-106.09896736398129,64.49444444444445
env_response_plus20,42,PPO,2026-05-18,288,1.081625578703704,0.2434527195316594,99.30555555555556,-113.53938322511769,64.49444444444445
env_response_plus20,42,PPO,2026-05-19,288,1.124621875,0.2349045790312846,99.30555555555556,-115.07751876100978,64.49444444444445
env_response_plus20,42,PPO,2026-05-20,283,1.0762510416666666,0.2633994227065265,98.58657243816255,-118.86703662594677,64.49444444444445
env_response_plus20,42,PPO,2026-05-21,288,1.0816255787037037,0.22246614899926687,99.65277777777779,-107.29525091178867,64.49444444444445
env_response_plus20,42,PPO,2026-05-22,288,1.0856564814814815,0.2547799509013042,98.95833333333334,-117.37662585957538,64.49444444444445
env_response_plus20,42,PPO,2026-05-23,288,1.1111855324074076,0.25221321060458624,98.95833333333334,-119.01240465412063,64.49444444444445
env_response_plus20,42,PPO,2026-05-24,17,0.08061805555555555,1.4600504167966217,70.58823529411765,-29.92085708554258,64.49444444444445
env_response_plus20,42,DQN,2026-05-07,283,1.1756799768518518,0.2012799773570036,100.0,-109.73723359203186,64.49444444444445
env_response_plus20,42,DQN,2026-05-08,288,1.093718287037037,0.23692647979364662,98.95833333333334,-112.98482618057005,64.49444444444445
env_response_plus20,42,DQN,2026-05-09,288,1.1313400462962964,0.23058210844778002,100.0,-114.05764723296052,64.49444444444445
env_response_plus20,42,DQN,2026-05-10,288,1.113872800925926,0.20080359312074178,99.65277777777779,-104.05643481877344,64.49444444444445
env_response_plus20,42,DQN,2026-05-11,283,1.1676181712962963,0.19808468265969584,100.0,-108.08296519269366,64.49444444444445
env_response_plus20,42,DQN,2026-05-12,288,1.1017800925925927,0.2323818843745891,99.30555555555556,-112.22598269988146,64.49444444444445
env_response_plus20,42,DQN,2026-05-13,288,1.1353709490740742,0.243906929827898,100.0,-118.2701957904344,64.49444444444445
env_response_plus20,42,DQN,2026-05-14,288,1.1152164351851852,0.2127813741616028,98.95833333333334,-108.03103575854142,64.49444444444445
env_response_plus20,42,DQN,2026-05-15,283,1.1582127314814816,0.23949417226487169,99.64664310954063,-119.12685075095864,64.49444444444445
env_response_plus20,42,DQN,2026-05-16,288,1.1152164351851852,0.3005819989324865,98.26388888888889,-133.71761569255594,64.49444444444445
env_response_plus20,42,DQN,2026-05-17,288,1.1273091435185187,0.23970299696612793,99.65277777777779,-116.50946312624463,64.49444444444445
env_response_plus20,42,DQN,2026-05-18,288,1.1205909722222223,0.21557504645190265,99.30555555555556,-109.13561337814787,64.49444444444445
env_response_plus20,42,DQN,2026-05-19,288,1.166274537037037,0.23463750609894576,99.30555555555556,-118.87560175649617,64.49444444444445
env_response_plus20,42,DQN,2026-05-20,283,1.113872800925926,0.2626707513327444,98.58657243816255,-122.16082262716645,64.49444444444445
env_response_plus20,42,DQN,2026-05-21,288,1.1219346064814815,0.2270296949898304,99.65277777777779,-112.35955215707101,64.49444444444445
env_response_plus20,42,DQN,2026-05-22,288,1.1219346064814815,0.23765871670354205,98.95833333333334,-115.82071041061991,64.49444444444445
env_response_plus20,42,DQN,2026-05-23,288,1.155525462962963,0.2578656012600671,98.95833333333334,-124.76529316289908,64.49444444444445
env_response_plus20,42,DQN,2026-05-24,17,0.08196168981481482,1.475567901661358,70.58823529411765,-30.309654328243095,64.49444444444445
env_response_plus20,43,PPO,2026-05-07,283,1.1286527777777777,0.28029124938004735,100.0,-127.7224235745531,64.49444444444445
env_response_plus20,43,PPO,2026-05-08,288,1.0413165509259261,0.3085114684305724,98.95833333333334,-128.72630290800467,64.49444444444445
env_response_plus20,43,PPO,2026-05-09,288,1.087000115740741,0.31926020811687233,100.0,-135.47193993765904,64.49444444444445
env_response_plus20,43,PPO,2026-05-10,288,1.0628146990740743,0.3149961651484964,99.65277777777779,-132.19389556276676,64.49444444444445
env_response_plus20,43,PPO,2026-05-11,283,1.1232782407407407,0.2601726739817291,100.0,-121.52886673682913,64.49444444444445
env_response_plus20,43,PPO,2026-05-12,288,1.066845601851852,0.332969161295747,99.30555555555556,-137.94511845317498,64.49444444444445
env_response_plus20,43,PPO,2026-05-13,288,1.081625578703704,0.39799196599808845,100.0,-157.64668620744925,64.49444444444445
env_response_plus20,43,PPO,2026-05-14,288,1.077594675925926,0.36109440711797447,98.95833333333334,-147.24518924997642,64.49444444444445
env_response_plus20,43,PPO,2026-05-15,283,1.0950619212962964,0.2735053037791086,99.64664310954063,-122.87700096948755,64.49444444444445
env_response_plus20,43,PPO,2026-05-16,288,1.072220138888889,0.3827217833704275,98.26388888888889,-153.37387361068284,64.49444444444445
env_response_plus20,43,PPO,2026-05-17,288,1.0587837962962963,0.40193548247035704,99.65277777777779,-156.85741895146268,64.49444444444445
env_response_plus20,43,PPO,2026-05-18,288,1.0910310185185186,0.34954608092272577,99.30555555555556,-144.96927130574488,64.49444444444445
env_response_plus20,43,PPO,2026-05-19,288,1.1111855324074074,0.2908464964757649,99.30555555555556,-129.93879098502015,64.49444444444445
env_response_plus20,43,PPO,2026-05-20,283,1.0681892361111114,0.41418347303552294,98.58657243816255,-160.7889228690527,64.49444444444445
env_response_plus20,43,PPO,2026-05-21,288,1.0386292824074075,0.45923208886781974,99.65277777777779,-171.48384159393197,64.49444444444445
env_response_plus20,43,PPO,2026-05-22,288,1.077594675925926,0.3219673474060567,98.95833333333334,-135.9765960529441,64.49444444444445
env_response_plus20,43,PPO,2026-05-23,288,1.093718287037037,0.29779504948756574,98.95833333333334,-130.51497425241888,64.49444444444445
env_response_plus20,43,PPO,2026-05-24,17,0.07793078703703706,1.5389496085435586,70.58823529411765,-31.012143345240503,64.49444444444445
env_response_plus20,43,DQN,2026-05-07,283,1.1205909722222223,0.5048283382105132,97.1731448763251,-192.1164197135749,64.49444444444445
env_response_plus20,43,DQN,2026-05-08,288,1.1044673611111113,0.8768692789035275,83.68055555555556,-307.0883523242157,64.49444444444445
env_response_plus20,43,DQN,2026-05-09,288,1.1259655092592595,0.7408594641388635,90.27777777777779,-266.1175256719925,64.49444444444445
env_response_plus20,43,DQN,2026-05-10,288,1.0802819444444445,0.7659420347037972,91.66666666666666,-268.29130599469323,64.49444444444445
env_response_plus20,43,DQN,2026-05-11,283,1.0990928240740743,0.5076023414975838,96.81978798586573,-191.1014626438159,64.49444444444445
env_response_plus20,43,DQN,2026-05-12,288,1.1138728009259262,0.8803127187282115,84.72222222222221,-308.3550629937247,64.49444444444445
env_response_plus20,43,DQN,2026-05-13,288,1.1165600694444446,0.7695390385797531,88.19444444444444,-274.70224311096865,64.49444444444445
env_response_plus20,43,DQN,2026-05-14,288,1.0735637731481484,0.7364992387064613,94.09722222222221,-257.78678074746074,64.49444444444445
env_response_plus20,43,DQN,2026-05-15,283,1.087000115740741,0.5168161857628998,97.87985865724382,-191.98398057090026,64.49444444444445
env_response_plus20,43,DQN,2026-05-16,288,1.1353709490740744,0.9218783137792512,84.02777777777779,-322.7259543684241,64.49444444444445
env_response_plus20,43,DQN,2026-05-17,288,1.1179037037037038,0.7370176180410554,89.23611111111111,-264.8610739958235,64.49444444444445
env_response_plus20,43,DQN,2026-05-18,288,1.0641583333333333,0.7104442161123176,97.22222222222221,-247.60793424034725,64.49444444444445
env_response_plus20,43,DQN,2026-05-19,288,1.1017800925925927,0.6044207428096153,94.79166666666666,-221.97317392916878,64.49444444444445
env_response_plus20,43,DQN,2026-05-20,283,1.1165600694444446,0.8296635363365648,86.57243816254417,-289.66978078324775,64.49444444444445
env_response_plus20,43,DQN,2026-05-21,288,1.0990928240740743,0.7641972819377257,89.23611111111111,-270.9388171980648,64.49444444444445
env_response_plus20,43,DQN,2026-05-22,288,1.0735637731481484,0.7388434850800759,95.48611111111111,-257.6619237030615,64.49444444444445
env_response_plus20,43,DQN,2026-05-23,288,1.1205909722222225,0.697546116829265,90.97222222222221,-252.7432816468282,64.49444444444445
env_response_plus20,43,DQN,2026-05-24,17,0.07524351851851853,1.5876386255237585,70.58823529411765,-31.589856633903903,64.49444444444445
env_response_plus20,44,PPO,2026-05-07,283,1.1635872685185187,0.21742173404229184,100.0,-113.18035073396841,64.49444444444445
env_response_plus20,44,PPO,2026-05-08,288,1.0977491898148148,0.20896354040376522,98.95833333333334,-105.30649963628417,64.49444444444445
env_response_plus20,44,PPO,2026-05-09,288,1.1380582175925926,0.19954003708952028,100.0,-105.74253068178169,64.49444444444445
env_response_plus20,44,PPO,2026-05-10,288,1.119247337962963,0.19286156611663913,99.65277777777779,-102.2691310415919,64.49444444444445
env_response_plus20,44,PPO,2026-05-11,283,1.1514945601851854,0.22677031720709806,100.0,-114.70099976960857,64.49444444444445
env_response_plus20,44,PPO,2026-05-12,288,1.108498263888889,0.21088295524739417,99.30555555555556,-106.65929111124939,64.49444444444445
env_response_plus20,44,PPO,2026-05-13,288,1.1367145833333336,0.2145065860382539,100.0,-109.92789677901683,64.49444444444445
env_response_plus20,44,PPO,2026-05-14,288,1.119247337962963,0.21050041052114102,98.95833333333334,-107.74911823008843,64.49444444444445
env_response_plus20,44,PPO,2026-05-15,283,1.1474636574074075,0.25839152523001196,99.64664310954063,-123.4748016400931,64.49444444444445
env_response_plus20,44,PPO,2026-05-16,288,1.1165600694444444,0.2625638629134069,98.26388888888889,-122.89339251906088,64.49444444444445
env_response_plus20,44,PPO,2026-05-17,288,1.1313400462962964,0.22021066688363838,99.65277777777779,-111.2706720624877,64.49444444444445
env_response_plus20,44,PPO,2026-05-18,288,1.124621875,0.20773257081213992,99.30555555555556,-107.25198039389608,64.49444444444445
env_response_plus20,44,PPO,2026-05-19,288,1.155525462962963,0.26338291596654856,99.30555555555556,-126.15427979836575,64.49444444444445
env_response_plus20,44,PPO,2026-05-20,283,1.1152164351851852,0.24271890873036112,98.58657243816255,-116.639451170692,64.49444444444445
env_response_plus20,44,PPO,2026-05-21,288,1.1205909722222223,0.2103366378443497,99.65277777777779,-107.42695169917265,64.49444444444445
env_response_plus20,44,PPO,2026-05-22,288,1.124621875,0.22531544316971322,98.95833333333334,-112.51584763287727,64.49444444444445
env_response_plus20,44,PPO,2026-05-23,288,1.1488072916666667,0.25897632073841914,98.95833333333334,-124.46018037266448,64.49444444444445
env_response_plus20,44,PPO,2026-05-24,17,0.08196168981481482,1.475567901661358,70.58823529411765,-30.309654328243095,64.49444444444445
env_response_plus20,44,DQN,2026-05-07,283,1.1770236111111112,0.1438083934116398,100.0,-93.59777533549389,64.49444444444445
env_response_plus20,44,DQN,2026-05-08,288,1.0977491898148148,0.15698929549366125,98.95833333333334,-90.3379171021743,64.49444444444445
env_response_plus20,44,DQN,2026-05-09,288,1.1380582175925928,0.13748398670659717,100.0,-87.87038817149983,64.49444444444445
env_response_plus20,44,DQN,2026-05-10,288,1.1205909722222223,0.13718516944142042,99.65277777777779,-86.35932879912897,64.49444444444445
env_response_plus20,44,DQN,2026-05-11,283,1.1676181712962963,0.15273233234428896,100.0,-95.24825005343362,64.49444444444445
env_response_plus20,44,DQN,2026-05-12,288,1.1098418981481482,0.1484039248808705,99.30555555555556,-88.79033036569056,64.49444444444445
env_response_plus20,44,DQN,2026-05-13,288,1.1367145833333334,0.12348172041779004,100.0,-83.71273548032342,64.49444444444445
env_response_plus20,44,DQN,2026-05-14,288,1.1219346064814815,0.14719332298414572,98.95833333333334,-89.76667701943379,64.49444444444445
env_response_plus20,44,DQN,2026-05-15,283,1.1541818287037038,0.14362058531278424,99.64664310954063,-91.61962564351792,64.49444444444445
env_response_plus20,44,DQN,2026-05-16,288,1.1232782407407407,0.2131619993480727,98.26388888888889,-109.29065581224471,64.49444444444445
env_response_plus20,44,DQN,2026-05-17,288,1.1313400462962964,0.13461091590999372,99.65277777777779,-86.61794378207803,64.49444444444445
env_response_plus20,44,DQN,2026-05-18,288,1.124621875,0.14620790513400983,99.30555555555556,-89.53287667859463,64.49444444444445
env_response_plus20,44,DQN,2026-05-19,288,1.166274537037037,0.16334321010263325,99.30555555555556,-98.3428445095583,64.49444444444445
env_response_plus20,44,DQN,2026-05-20,283,1.1232782407407407,0.17496839975997378,98.58657243816255,-98.21605713207235,64.49444444444445
env_response_plus20,44,DQN,2026-05-21,288,1.124621875,0.1270898674978117,99.65277777777779,-83.82688183936975,64.49444444444445
env_response_plus20,44,DQN,2026-05-22,288,1.1259655092592593,0.18564909142615166,98.95833333333334,-101.21693833073151,64.49444444444445
env_response_plus20,44,DQN,2026-05-23,288,1.155525462962963,0.17618434921605017,98.95833333333334,-101.24109257422231,64.49444444444445
env_response_plus20,44,DQN,2026-05-24,17,0.08061805555555555,1.455911339799013,70.58823529411765,-29.85049277658323,64.49444444444445
env_response_plus20,45,PPO,2026-05-07,283,1.1609,0.2658900261090454,100.0,-126.64687738885969,64.49444444444445
env_response_plus20,45,PPO,2026-05-08,288,1.0883437500000002,0.3743515747711705,98.95833333333334,-152.0632535340969,64.49444444444445
env_response_plus20,45,PPO,2026-05-09,288,1.1286527777777777,0.3500559845767986,100.0,-148.21612355811786,64.49444444444445
env_response_plus20,45,PPO,2026-05-10,288,1.1084982638888892,0.3693980137955588,99.65277777777779,-152.11162797312076,64.49444444444445
env_response_plus20,45,PPO,2026-05-11,283,1.1407454861111115,0.22645971017874003,100.0,-113.6130979805832,64.49444444444445
env_response_plus20,45,PPO,2026-05-12,288,1.0990928240740743,0.4235091366901017,99.30555555555556,-167.02063136674903,64.49444444444445
env_response_plus20,45,PPO,2026-05-13,288,1.119247337962963,0.4088674132476795,100.0,-164.27881501533165,64.49444444444445
env_response_plus20,45,PPO,2026-05-14,288,1.1205909722222225,0.3655579189811944,98.95833333333334,-152.5306806665837,64.49444444444445
env_response_plus20,45,PPO,2026-05-15,283,1.124621875,0.2561857337882843,99.64664310954063,-120.72556266208426,64.49444444444445
env_response_plus20,45,PPO,2026-05-16,288,1.1017800925925927,0.45780007746583323,98.26388888888889,-177.74642231015974,64.49444444444445
env_response_plus20,45,PPO,2026-05-17,288,1.103123726851852,0.38362023421863,99.65277777777779,-155.70762745496523,64.49444444444445
env_response_plus20,45,PPO,2026-05-18,288,1.1179037037037038,0.33361199859826757,99.30555555555556,-142.88025559630083,64.49444444444445
env_response_plus20,45,PPO,2026-05-19,288,1.1380582175925928,0.27350349966695586,99.30555555555556,-127.44400790408302,64.49444444444445
env_response_plus20,45,PPO,2026-05-20,283,1.1004364583333335,0.43845679236613855,98.58657243816255,-170.65827223961716,64.49444444444445
env_response_plus20,45,PPO,2026-05-21,288,1.0789383101851855,0.4399846957010778,99.65277777777779,-169.6905923619103,64.49444444444445
env_response_plus20,45,PPO,2026-05-22,288,1.1058109953703703,0.3184561920724479,98.95833333333334,-137.5903833168646,64.49444444444445
env_response_plus20,45,PPO,2026-05-23,288,1.1259655092592593,0.2898085988131986,98.95833333333334,-131.21487645820102,64.49444444444445
env_response_plus20,45,PPO,2026-05-24,17,0.08061805555555555,1.517796341008217,70.58823529411765,-30.902537797139697,64.49444444444445
env_response_plus20,45,DQN,2026-05-07,283,1.1877726851851853,0.16770596570912008,100.0,-101.36078829568076,64.49444444444445
env_response_plus20,45,DQN,2026-05-08,288,1.1058109953703703,0.1990791211271355,98.95833333333334,-103.20978688461486,64.49444444444445
env_response_plus20,45,DQN,2026-05-09,288,1.1582127314814816,0.19312507799184908,100.0,-105.77002246165232,64.49444444444445
env_response_plus20,45,DQN,2026-05-10,288,1.124621875,0.16918176083509323,99.65277777777779,-95.94934712050669,64.49444444444445
env_response_plus20,45,DQN,2026-05-11,283,1.1729927083333334,0.167549023083507,100.0,-99.94137353263226,64.49444444444445
env_response_plus20,45,DQN,2026-05-12,288,1.1125291666666668,0.19216979830319308,99.30555555555556,-101.64490191131944,64.49444444444445
env_response_plus20,45,DQN,2026-05-13,288,1.1541818287037036,0.20447536266310962,100.0,-108.66390444697541,64.49444444444445
env_response_plus20,45,DQN,2026-05-14,288,1.124621875,0.19078501784480745,98.95833333333334,-102.57108513930434,64.49444444444445
env_response_plus20,45,DQN,2026-05-15,283,1.1743363425925928,0.22417932269753463,99.64664310954063,-116.29274832340208,64.49444444444445
env_response_plus20,45,DQN,2026-05-16,288,1.1299964120370372,0.2576180801536831,98.26388888888889,-122.71900708426048,64.49444444444445
env_response_plus20,45,DQN,2026-05-17,288,1.155525462962963,0.23001799194884606,99.65277777777779,-116.34518168126739,64.49444444444445
env_response_plus20,45,DQN,2026-05-18,288,1.1165600694444446,0.1909006354468703,99.30555555555556,-101.65438300869845,64.49444444444445
env_response_plus20,45,DQN,2026-05-19,288,1.1783672453703704,0.21052655120210037,99.30555555555556,-113.05664674620475,64.49444444444445
env_response_plus20,45,DQN,2026-05-20,283,1.124621875,0.2412018285420546,98.58657243816255,-117.08511747740127,64.49444444444445
env_response_plus20,45,DQN,2026-05-21,288,1.1434327546296297,0.20736585204199987,99.65277777777779,-108.69636538809577,64.49444444444445
env_response_plus20,45,DQN,2026-05-22,288,1.1340273148148148,0.2091784741790711,98.95833333333334,-108.74340056357228,64.49444444444445
env_response_plus20,45,DQN,2026-05-23,288,1.175679976851852,0.258142851692986,98.95833333333334,-126.72014128757976,64.49444444444445
env_response_plus20,45,DQN,2026-05-24,17,0.08061805555555555,1.4600504167966217,70.58823529411765,-29.92085708554258,64.49444444444445
env_response_plus20,46,PPO,2026-05-07,283,1.1420891203703705,0.3016709819089283,100.0,-135.0228878802266,64.49444444444445
env_response_plus20,46,PPO,2026-05-08,288,1.0655019675925927,0.36735479031191615,98.95833333333334,-147.9231796098316,64.49444444444445
env_response_plus20,46,PPO,2026-05-09,288,1.1326836805555558,0.32231000916865515,100.0,-140.6002826405725,64.49444444444445
env_response_plus20,46,PPO,2026-05-10,288,1.1111855324074074,0.3243994643641577,99.65277777777779,-139.40204573687714,64.49444444444445
env_response_plus20,46,PPO,2026-05-11,283,1.1098418981481484,0.3263354395238406,100.0,-139.00292938524666,64.49444444444445
env_response_plus20,46,PPO,2026-05-12,288,1.0695328703703706,0.3693830210133657,99.30555555555556,-148.68231005184924,64.49444444444445
env_response_plus20,46,PPO,2026-05-13,288,1.1031237268518521,0.33571478625672935,100.0,-141.71085844193792,64.49444444444445
env_response_plus20,46,PPO,2026-05-14,288,1.099092824074074,0.3735632728895691,98.95833333333334,-152.83622259219575,64.49444444444445
env_response_plus20,46,PPO,2026-05-15,283,1.1380582175925926,0.33959206648751966,99.64664310954063,-145.5795548159678,64.49444444444445
env_response_plus20,46,PPO,2026-05-16,288,1.1017800925925927,0.3768186326662504,98.26388888888889,-154.42376620787988,64.49444444444445
env_response_plus20,46,PPO,2026-05-17,288,1.1165600694444446,0.34355990242374823,99.65277777777779,-145.4202518980393,64.49444444444445
env_response_plus20,46,PPO,2026-05-18,288,1.0843128472222225,0.3797665075196813,99.30555555555556,-153.04775416566804,64.49444444444445
env_response_plus20,46,PPO,2026-05-19,288,1.1165600694444446,0.33442587654594846,99.30555555555556,-142.98965244523308,64.49444444444445
env_response_plus20,46,PPO,2026-05-20,283,1.0950619212962964,0.386214161801148,98.58657243816255,-155.37360778972456,64.49444444444445
env_response_plus20,46,PPO,2026-05-21,288,1.1004364583333333,0.33535378207283445,99.65277777777779,-141.55688923697608,64.49444444444445
env_response_plus20,46,PPO,2026-05-22,288,1.1125291666666668,0.3681626722026332,98.95833333333334,-152.53084959435824,64.49444444444445
env_response_plus20,46,PPO,2026-05-23,288,1.14343275462963,0.337028530097907,98.95833333333334,-146.43921666819705,64.49444444444445
env_response_plus20,46,PPO,2026-05-24,17,0.07793078703703706,1.5217344640291857,70.58823529411765,-30.719485888496166,64.49444444444445
env_response_plus20,46,DQN,2026-05-07,283,1.1918035879629632,0.2195427820984339,100.0,-116.40560733385657,64.49444444444445
env_response_plus20,46,DQN,2026-05-08,288,1.119247337962963,0.34159222572407866,98.95833333333334,-145.50356100853446,64.49444444444445
env_response_plus20,46,DQN,2026-05-09,288,1.1609,0.28740623127253284,100.0,-133.1729946064892,64.49444444444445
env_response_plus20,46,DQN,2026-05-10,288,1.155525462962963,0.39525490841460276,99.65277777777779,-163.9334136234054,64.49444444444445
env_response_plus20,46,DQN,2026-05-11,283,1.1703054398148147,0.2279069403470101,100.0,-116.77266411820358,64.49444444444445
env_response_plus20,46,DQN,2026-05-12,288,1.1259655092592593,0.3136111512098316,99.30555555555556,-137.87001154843128,64.49444444444445
env_response_plus20,46,DQN,2026-05-13,288,1.1461200231481483,0.2509850917542732,100.0,-121.30870642523054,64.49444444444445
env_response_plus20,46,DQN,2026-05-14,288,1.1447763888888889,0.3514767807916127,98.95833333333334,-150.7253128679842,64.49444444444445
env_response_plus20,46,DQN,2026-05-15,283,1.1676181712962963,0.2942029999702736,99.64664310954063,-135.48444899158724,64.49444444444445
env_response_plus20,46,DQN,2026-05-16,288,1.150150925925926,0.4131941315641918,98.26388888888889,-169.39990989048695,64.49444444444445
env_response_plus20,46,DQN,2026-05-17,288,1.1514945601851856,0.34282112778378476,99.65277777777779,-148.4574848017298,64.49444444444445
env_response_plus20,46,DQN,2026-05-18,288,1.1582127314814816,0.3290882367382379,99.30555555555556,-145.32741218061236,64.49444444444445
env_response_plus20,46,DQN,2026-05-19,288,1.1743363425925928,0.31394071626454,99.30555555555556,-142.46492628418724,64.49444444444445
env_response_plus20,46,DQN,2026-05-20,283,1.1407454861111113,0.32856058043684666,98.58657243816255,-143.3076442636273,64.49444444444445
env_response_plus20,46,DQN,2026-05-21,288,1.1326836805555556,0.2831591430113952,99.65277777777779,-129.5248331872816,64.49444444444445
env_response_plus20,46,DQN,2026-05-22,288,1.1582127314814816,0.39557774070466994,98.95833333333334,-164.67638932294463,64.49444444444445
env_response_plus20,46,DQN,2026-05-23,288,1.1810545138888888,0.39424503065913363,98.95833333333334,-166.41756882983023,64.49444444444445
env_response_plus20,46,DQN,2026-05-24,17,0.08196168981481482,1.475567901661358,70.58823529411765,-30.309654328243095,64.49444444444445
